1.98644,0.562573,0.180008,0.118405,0.15128,10.9457,3.50801,0.651886,0.542183,0.508128,6.51138,1.87528,0.920524,0.179914,0.51841,6.22348,1.65758,0.925643,0.142206,0.485734,acer_adapter_135W
2.23849,0.458561,0.351749,0.223627,0.187131,7.40554,2.05055,0.971481,0.165258,0.500378,7.64742,2.14788,0.942306,0.205304,0.397625,6.19809,1.66248,0.862845,0.117294,0.480936,acer_adapter_135W
2.23448,0.486472,0.350356,0.110349,0.142014,3.48044,2.86052,2.40422,1.37736,1.09252,6.62176,1.70148,0.971566,0.151045,0.599465,6.0915,1.47081,0.965851,0.130046,0.59982,acer_adapter_135W
2.87971,0.610929,0.26391,0.179867,0.11713,3.14377,2.38067,2.35704,1.41386,1.06764,3.93856,0.868372,0.665221,0.377508,0.314694,4.24586,0.936263,0.667426,0.288354,0.196895,acer_adapter_135W
2.66305,0.472761,0.409018,0.22864,0.144909,5.82994,1.13584,0.952783,0.222887,0.347617,8.02955,1.55636,1.0046,0.193697,0.480697,7.70518,1.48222,0.937717,0.185651,0.429471,acer_adapter_135W
2.48011,0.682159,0.412048,0.246643,0.205399,8.00854,2.03504,0.769758,0.22193,0.516236,6.00617,1.35864,0.799013,0.224054,0.475487,5.87499,1.38001,0.757902,0.163174,0.428473,acer_adapter_135W
2.78234,0.726403,0.245498,0.20127,0.180556,5.96854,1.57097,0.865635,0.250369,0.376923,4.68138,2.0604,1.58271,1.24676,0.931325,4.97959,1.20486,1.11735,0.614982,0.535925,acer_adapter_135W
2.80988,0.544325,0.338623,0.165865,0.196684,7.39428,1.82057,0.86909,0.195235,0.385624,5.1154,1.07244,0.779457,0.2913,0.341383,6.08268,1.24032,0.888213,0.231364,0.489213,acer_adapter_135W
2.29266,0.591027,0.184957,0.237403,0.15341,9.93256,2.40375,0.958087,0.297726,0.409386,5.87282,1.23984,0.82866,0.218788,0.541127,6.0795,1.27921,0.840448,0.148707,0.469912,acer_adapter_135W
2.87905,0.574433,0.388389,0.200638,0.236798,4.22229,1.01665,0.642729,0.471028,0.257894,4.26587,0.950549,0.68354,0.292414,0.287635,6.04173,1.11073,0.856526,0.133935,0.328052,acer_adapter_135W
2.25847,0.545641,0.263497,0.124931,0.164783,9.67952,2.13194,1.07255,0.298766,0.445283,6.23919,1.24279,0.911222,0.100405,0.313801,6.25097,1.31822,0.990164,0.141158,0.342719,acer_adapter_135W
2.27963,0.534326,0.226448,0.199574,0.194198,8.31477,1.52774,0.832697,0.279829,0.285352,6.7127,1.30734,0.999653,0.168631,0.337251,6.30298,1.3025,0.948857,0.198145,0.384481,acer_adapter_135W
2.76169,0.661389,0.333298,0.160636,0.184505,8.40103,1.90363,0.98895,0.154562,0.300384,6.06922,1.22908,0.854006,0.197039,0.402967,6.20517,1.2469,0.91603,0.135242,0.523051,acer_adapter_135W
2.35784,0.433227,0.332164,0.170761,0.11609,8.95457,1.94264,0.881811,0.255955,0.436703,6.25849,1.26886,0.842261,0.127605,0.450727,7.18717,1.56627,0.809291,0.194659,0.402876,acer_adapter_135W
2.47094,0.468355,0.405449,0.106124,0.15559,10.9244,2.59129,1.17179,0.571952,0.476053,6.35698,1.2665,0.965834,0.185657,0.354078,6.41398,1.27136,0.981416,0.193611,0.429903,acer_adapter_135W
2.73058,0.601283,0.350256,0.168797,0.158696,5.3778,1.22062,0.697486,0.262431,0.314862,3.9622,0.904069,0.553823,0.42113,0.236451,4.47685,1.04357,0.771235,0.381766,0.363306,acer_adapter_135W
2.86816,0.587133,0.300846,0.168694,0.185859,6.17573,1.38992,0.792965,0.201744,0.304985,5.71359,1.17815,0.868457,0.248038,0.392083,6.38239,1.26636,0.901574,0.0982179,0.359565,acer_adapter_135W
2.33144,0.564217,0.202815,0.172034,0.151883,6.90833,1.69242,0.956064,0.205787,0.530891,4.46143,1.38205,0.778139,0.272705,0.359943,5.5802,1.39221,0.978618,0.214388,0.539614,acer_adapter_135W
2.65126,0.632601,0.278187,0.169945,0.220964,5.77418,1.233,0.776597,0.172194,0.405976,5.08598,1.34979,0.662069,0.200797,0.371744,6.47836,1.43182,0.846328,0.222084,0.310215,acer_adapter_135W
2.27341,0.413948,0.388972,0.132179,0.168356,9.25248,2.193,1.17704,0.215749,0.369535,6.73472,1.42109,0.991888,0.118734,0.530336,6.20826,1.35136,0.99889,0.117418,0.50529,acer_adapter_135W
2.71581,0.543205,0.382981,0.144678,0.123296,6.19404,1.23628,0.776125,0.183875,0.437865,4.53491,2.61552,2.09818,1.62325,1.43733,5.83579,1.52922,0.646064,0.423106,0.38285,acer_adapter_135W
2.73874,0.537071,0.38342,0.187548,0.178742,8.48615,1.84558,0.975224,0.200562,0.402046,5.82238,1.18395,0.942556,0.159155,0.385381,5.88426,1.18453,0.921757,0.2213,0.331238,acer_adapter_135W
2.26551,0.509456,0.335268,0.200256,0.165467,8.29348,1.49588,0.833657,0.182846,0.342875,7.00447,1.32521,0.879927,0.179715,0.412422,6.1723,1.14783,0.917596,0.158649,0.318351,acer_adapter_135W
2.24456,0.450589,0.294905,0.158554,0.133507,9.82394,2.59719,1.36,0.7204,0.675335,10.1296,2.3,0.991481,0.222714,0.322883,7.02124,1.3103,0.85624,0.192058,0.454958,acer_adapter_135W
2.14793,0.540635,0.228314,0.175435,0.132181,7.79914,1.49808,1.03343,0.242124,0.459484,7.4217,1.53838,0.942611,0.138368,0.374829,6.35634,1.30196,0.993076,0.092413,0.450993,acer_adapter_135W
2.51326,0.560894,0.395966,0.163103,0.148272,6.0106,1.59669,0.792167,0.198492,0.354119,5.92409,1.60702,0.902378,0.107515,0.53012,5.77067,1.66061,0.856032,0.160247,0.522712,acer_adapter_135W
2.89216,0.628567,0.390296,0.191737,0.152452,7.73243,2.18026,0.970794,0.271562,0.357419,4.76964,1.33374,0.747648,0.144508,0.480971,5.66153,1.65077,0.934667,0.166381,0.504342,acer_adapter_135W
2.25801,0.571207,0.302898,0.137149,0.159259,9.36694,2.69524,0.997426,0.245494,0.447585,9.62956,3.04676,1.10503,0.185414,0.490456,10.6776,3.17408,1.0912,0.26713,0.6403,acer_adapter_135W
2.40842,0.61281,0.286577,0.161667,0.149039,6.51472,1.64116,0.849414,0.252672,0.497938,5.49934,1.39784,1.08468,0.110008,0.529844,6.93823,1.76525,1.02454,0.192342,0.466313,acer_adapter_135W
2.18635,0.473008,0.41641,0.277378,0.210011,7.9828,2.0225,0.989904,0.205217,0.53656,5.90218,1.4286,0.995873,0.161031,0.433746,5.98568,1.51016,0.861114,0.224158,0.536373,acer_adapter_135W
1.89342,0.417564,0.33882,0.155417,0.102841,9.92591,2.37688,1.05764,0.392736,0.579742,6.15496,1.46431,0.962483,0.189041,0.481221,6.07175,1.45452,1.00029,0.188772,0.476393,acer_adapter_135W
2.6968,0.665964,0.258643,0.182391,0.19976,8.01726,1.82769,0.987071,0.271382,0.613905,6.27247,1.31561,0.718533,0.346048,0.307623,5.68094,1.19258,0.699108,0.256805,0.318328,acer_adapter_135W
2.9197,0.657665,0.452652,0.166904,0.167491,7.42359,1.52569,1.0116,0.197835,0.428028,7.09841,1.32978,0.858298,0.323627,0.33829,6.90195,1.52572,0.876746,0.432762,0.41877,acer_adapter_135W
2.77061,0.576803,0.312573,0.23337,0.247835,8.19098,1.7058,0.842683,0.25133,0.437368,5.93569,1.12836,0.8095,0.149331,0.316531,9.20384,2.00569,0.861935,0.253639,0.377258,acer_adapter_135W
3.01197,0.713888,0.331692,0.188881,0.209228,6.99278,1.69715,0.743598,0.242787,0.448637,5.30921,1.14915,0.741679,0.196913,0.411897,5.96157,1.28501,0.515978,0.210339,0.32337,acer_adapter_135W
2.50761,0.502689,0.316876,0.142102,0.154827,7.28563,1.48864,0.71617,0.239666,0.368653,4.15428,0.878721,0.604037,0.299615,0.340983,7.26689,1.77031,0.807743,0.354566,0.494706,acer_adapter_135W
2.16255,0.595989,0.238668,0.176673,0.129971,10.4423,2.79919,1.24863,0.902332,0.983164,6.40313,1.3071,0.899763,0.215185,0.389403,6.04324,1.19565,0.840962,0.13072,0.435351,acer_adapter_135W
2.26979,0.414723,0.38785,0.162474,0.1255,3.37415,2.39512,2.30044,1.69232,0.989916,5.07639,1.4252,0.524753,0.329965,0.382659,6.27996,1.14151,0.989398,0.141709,0.360009,acer_adapter_135W
2.68765,0.688928,0.240373,0.201316,0.232298,7.67599,1.68697,0.780321,0.18301,0.372374,4.12016,1.00704,0.700476,0.390156,0.350358,7.91801,1.71659,0.954221,0.228493,0.463003,acer_adapter_135W
2.26088,0.418249,0.294325,0.137863,0.141824,8.50394,1.72655,0.826032,0.173165,0.314679,4.42481,0.840008,0.678001,0.276377,0.330741,6.41346,1.18752,0.962871,0.13047,0.360265,acer_adapter_135W
1.96761,0.388501,0.264249,0.141095,0.116657,8.57067,2.03063,1.11617,0.274867,0.586853,9.6399,2.44891,1.16839,0.28986,0.434639,8.14971,1.914,1.02805,0.210501,0.472831,acer_adapter_135W
2.38245,0.501531,0.363799,0.148938,0.178605,7.46435,1.79305,1.02972,0.196999,0.549826,7.20124,1.69296,0.995402,0.143611,0.534897,7.14821,1.61612,0.988773,0.22123,0.629079,acer_adapter_135W
2.51405,0.379001,0.442731,0.155565,0.147499,8.814,2.18022,1.08838,0.303505,0.424267,7.4073,1.63064,1.05893,0.160932,0.498771,7.24824,1.61529,0.998846,0.124513,0.623512,acer_adapter_135W
2.93022,0.726227,0.296222,0.163431,0.159788,3.34103,2.50318,2.46199,1.37357,0.878107,7.42751,1.68461,1.07096,0.194442,0.497869,7.1733,1.4455,1.0185,0.20712,0.568439,acer_adapter_135W
2.37503,0.646451,0.215194,0.165273,0.142165,10.2469,2.22404,0.979419,0.390253,0.482053,7.70134,1.54569,0.992614,0.270644,0.413639,9.37462,1.89988,0.971645,0.337789,0.523876,acer_adapter_135W
3.37219,0.804032,0.27441,0.180888,0.144534,7.01257,1.72237,0.811106,0.184005,0.453098,4.48275,1.00756,0.752158,0.286589,0.374282,8.26535,1.92175,0.869217,0.309602,0.533108,acer_adapter_135W
2.43835,0.451611,0.395316,0.0966286,0.138572,8.80317,2.2188,0.734752,0.19675,0.396134,8.39886,1.82563,0.876815,0.234702,0.534944,10.0373,2.41409,0.87046,0.169387,0.460595,acer_adapter_135W
2.60776,0.466779,0.333291,0.153838,0.170633,8.50231,1.93771,0.900082,0.264529,0.55679,6.06705,1.35286,0.848318,0.212057,0.490204,9.09428,2.06023,0.958278,0.228421,0.611994,acer_adapter_135W
2.42517,0.529457,0.363414,0.192202,0.148186,9.21949,1.83155,1.00963,0.345795,0.472503,8.22131,1.65166,0.957312,0.304085,0.457554,7.55309,1.48376,0.981199,0.271396,0.480177,acer_adapter_135W
2.86794,0.613647,0.324881,0.185821,0.154087,6.90216,1.46748,0.917305,0.151979,0.545466,4.4808,0.98931,0.706134,0.244508,0.369354,6.80169,1.33283,0.907178,0.170809,0.500712,acer_adapter_135W
167.167,2.28772,4.25351,0.447692,0.864277,166.719,1.65342,4.7214,0.523254,0.698347,166.642,1.74917,4.6993,0.399795,0.641794,166.967,2.06749,4.11301,0.74566,0.790481,amsieutoc_happytime
165.764,1.56892,4.89968,0.35529,0.643563,165.286,1.71427,4.89003,0.445659,0.629201,165.984,2.25503,4.31976,0.61141,0.877677,164.188,2.04209,4.84032,0.361618,0.568273,amsieutoc_happytime
159.101,1.96746,4.9392,0.612164,1.14029,159.468,3.0873,4.42755,0.613317,1.08869,158.148,2.18375,5.10323,0.380045,0.656324,159.052,2.2483,5.62766,0.740244,0.947831,amsieutoc_happytime
153.984,3.50085,3.65112,0.665066,0.816068,152.531,2.49163,4.45736,0.275471,0.586469,152.827,2.16551,4.0434,0.797973,0.767801,153.606,2.13702,4.93863,0.791669,0.973686,amsieutoc_happytime
152.047,3.55779,3.41919,0.606868,0.821328,151.022,2.40228,4.35161,0.351692,0.443157,151.768,2.12738,3.71152,0.83686,0.799548,152.694,2.08911,4.7314,0.822968,1.20614,amsieutoc_happytime
151.852,2.01534,4.99016,1.26528,0.923938,151.026,3.62971,3.34769,0.641176,0.956478,149.771,3.66345,3.32276,0.851952,0.884181,148.77,3.17184,4.24649,0.623398,0.72366,amsieutoc_happytime
150.991,2.93588,4.61105,0.409897,0.816931,150.24,2.81748,4.42242,0.37408,0.537726,150.962,2.24386,3.85721,0.85371,0.751222,150.84,1.99403,3.47173,0.629258,0.818669,amsieutoc_happytime
154.095,2.59267,4.93397,0.346876,0.721431,156.054,2.26112,5.01687,0.779559,1.27122,155.467,3.31547,4.17428,0.538717,0.557637,153.745,2.54172,4.98078,0.33957,0.709682,amsieutoc_happytime
156.544,3.12243,4.47737,0.790079,1.27862,155.192,2.49361,5.19729,0.387006,0.737605,156.587,2.24105,5.52605,0.738917,1.3013,155.406,3.05072,4.72935,0.846049,0.830332,amsieutoc_happytime
157.306,2.23821,5.51476,0.776005,1.19418,155.72,2.91491,5.04106,0.749684,1.0951,155.247,2.36629,4.97672,0.502081,0.947109,156.293,2.13968,5.65377,1.01249,0.862247,amsieutoc_happytime
156.307,2.7096,5.1042,0.774068,1.2088,154.268,2.47946,5.02707,0.390018,0.660089,155.22,1.78623,4.1236,0.796695,0.609219,155.896,2.73195,4.87112,0.667109,1.19884,amsieutoc_happytime
155.709,2.26129,4.68555,0.80251,1.11928,155.523,3.38323,4.27033,0.59861,0.571011,154.555,2.45922,4.93347,0.328836,0.649414,156.642,2.1863,4.41455,0.823689,0.968303,amsieutoc_happytime
161.179,2.30392,5.89782,0.684868,0.979027,159.507,2.18277,5.45035,0.416712,0.687486,161.131,2.16359,5.9144,0.748943,0.657461,159.146,2.17484,5.59114,0.514701,0.690964,amsieutoc_happytime
162.326,1.86123,5.36083,0.511124,0.644045,163.251,2.68304,4.69832,0.897764,0.822778,162.401,1.73343,5.03174,0.546847,0.866152,162.372,2.50396,5.1681,0.485359,0.670747,amsieutoc_happytime
162.476,2.00657,5.34188,0.567182,0.539656,163.686,2.34379,5.37181,0.731638,0.926047,162.005,1.9266,5.34079,0.571149,0.789485,162.512,2.72057,4.82177,0.872047,0.914214,amsieutoc_happytime
163.67,2.22788,5.50371,0.660492,0.771027,162.422,1.84487,5.06266,0.516935,0.88241,162.119,2.53674,5.1157,0.505558,0.887787,162.202,2.44413,5.20235,0.98407,1.13227,amsieutoc_happytime
161.513,1.98253,5.28034,0.478148,0.970852,161.561,2.62049,4.97682,0.539568,0.594642,162.434,2.38502,4.65574,0.913106,0.63146,160.934,2.28878,5.54563,0.479328,1.00994,amsieutoc_happytime
162.024,2.77355,4.83747,0.515613,0.572732,162.118,2.46955,5.23032,0.984988,1.11377,160.726,2.3416,5.54983,0.511743,0.887746,161.719,2.34762,6.07136,0.616669,1.05532,amsieutoc_happytime
159.522,3.19339,4.54754,0.581476,0.619953,158.329,2.32204,5.30263,0.444427,0.775133,159.747,2.02076,5.93525,1.17216,0.578577,158.151,2.47459,5.39192,0.470201,0.912171,amsieutoc_happytime
159.137,2.87765,4.98679,0.795751,0.867621,158.98,2.17132,4.56397,0.766057,0.637649,158.808,3.06377,4.45266,0.542629,0.528917,157.506,2.22882,5.26932,0.413398,0.912606,amsieutoc_happytime
169.773,2.45694,4.29622,0.848338,0.786473,169.114,1.79708,4.53106,0.329433,0.566897,168.965,1.65176,4.55188,0.516671,0.784626,168.931,1.51828,4.70915,0.494215,0.649432,amsieutoc_happytime
164.434,1.5592,4.9408,0.487459,0.302725,165.618,2.10079,4.43894,0.863696,0.634323,165.375,2.28743,4.2698,0.735404,0.564178,164.092,1.48085,4.83823,0.290924,0.426937,amsieutoc_happytime
163.165,1.75521,5.05452,0.506625,0.49687,164.133,1.92201,4.67543,0.811602,0.738878,163.963,2.03637,4.26803,0.49863,0.630086,162.902,1.57265,4.86697,0.393194,0.426456,amsieutoc_happytime
162.148,2.19715,4.86086,0.449173,0.481522,162.879,2.33444,5.543,0.681599,0.698541,161.359,1.61173,5.1138,0.464413,0.400529,162.477,2.40708,4.29656,0.703074,0.525498,amsieutoc_happytime
163.506,2.0855,4.4664,0.664605,0.669868,163.94,2.02737,5.56487,0.568921,0.715938,162.898,1.53063,4.81955,0.377054,0.541611,162.699,1.60148,5.08958,0.589021,0.350716,amsieutoc_happytime
163.137,1.53038,4.91328,0.485536,0.383185,163.215,1.88409,4.95002,0.467389,0.456361,164.15,2.04325,5.4103,0.574789,0.674071,162.856,1.48285,4.69964,0.365152,0.500016,amsieutoc_happytime
163.681,1.91517,4.68655,0.362702,0.41658,163.87,2.14747,4.28989,0.80175,0.59331,164.029,2.2898,4.96287,0.762504,0.6154,162.98,1.41039,4.72004,0.346685,0.536025,amsieutoc_happytime
164.524,1.63511,4.86486,0.530799,0.379916,165.137,1.95167,4.30556,0.832829,0.427871,164.992,2.31857,4.27296,0.810038,0.623102,163.461,1.47056,4.82074,0.537476,0.384455,amsieutoc_happytime
164.444,2.173,4.36451,0.734761,0.616798,164.825,2.08229,5.46942,0.513361,0.768164,163.808,1.70444,4.31807,0.444583,0.526069,163.066,1.45648,4.83147,0.449822,0.430265,amsieutoc_happytime
164.429,2.34545,4.94324,0.755181,0.634825,162.953,1.45541,4.90877,0.357147,0.483736,163.004,1.87147,4.859,0.556468,0.377721,163.769,1.77973,5.21734,0.654406,0.573914,amsieutoc_happytime
163.401,2.03478,4.41084,0.448742,0.670949,163.778,2.1657,5.43494,0.573668,0.722595,162.824,1.71549,4.455,0.465338,0.55181,162.264,1.61768,4.92993,0.59631,0.434465,amsieutoc_happytime
166.546,1.33981,5.15764,0.46308,0.442563,166.803,1.59868,5.09708,0.402209,0.426313,167.692,1.77296,5.28764,0.50702,0.659428,166.816,1.89546,4.533,0.431631,0.585392,amsieutoc_happytime
166.156,1.38828,5.06348,0.32884,0.390402,165.538,1.48814,5.19719,0.547111,0.402302,166.259,1.89477,4.9934,0.869973,0.651599,165.368,1.82566,4.66364,0.459019,0.681546,amsieutoc_happytime
164.854,1.74124,5.38588,0.624583,0.482875,165.684,1.98483,4.9676,0.984799,0.790958,164.881,1.93926,4.73473,0.612437,0.719396,163.966,1.78648,5.48259,0.672745,0.47802,amsieutoc_happytime
165.437,2.20895,4.83213,0.914971,0.665798,165.071,2.24021,4.94368,0.989034,0.664165,163.746,1.69037,5.46726,0.692584,0.395837,165.1,1.87503,5.88518,0.560788,0.695691,amsieutoc_happytime
164.223,2.12604,5.37988,0.530907,0.576236,165.125,2.23557,6.07648,0.598826,0.785336,163.423,1.59618,5.57039,0.612638,0.389188,163.262,2.30458,4.74127,0.847159,0.562598,amsieutoc_happytime
164.631,2.36338,5.64628,0.881532,0.802867,162.842,1.72362,5.52006,0.619175,0.530271,163.263,2.26598,4.88636,0.960568,0.748412,163.724,2.08374,4.89207,0.961774,0.577552,amsieutoc_happytime
163.373,2.32959,4.9154,0.909193,0.647019,163.607,2.35135,5.36603,1.03709,0.910594,162.268,1.76975,5.61319,0.583135,0.516289,163.005,2.32726,4.93617,0.733011,0.574367,amsieutoc_happytime
162.339,1.90638,5.72826,0.628315,0.661312,163.401,1.85715,6.05963,0.621853,0.621389,161.994,1.80763,5.53692,0.512989,0.659377,162.424,2.4187,5.01638,0.630484,0.59451,amsieutoc_happytime
162.247,1.63736,5.58527,0.473685,0.718484,161.978,2.32012,5.61636,0.58709,0.687421,162.832,2.3375,5.36784,0.896681,0.921429,161.383,1.77508,5.71769,0.554897,0.61997,amsieutoc_happytime
162.146,2.16781,5.01119,0.927638,0.519746,161.316,1.89134,5.66236,0.635405,0.458572,162.503,2.11137,6.158,0.774773,0.659503,161.05,1.83574,5.58027,0.521985,0.540682,amsieutoc_happytime
162.786,2.55142,4.95353,0.707048,0.513968,162.78,2.16191,4.928,0.765031,0.628701,162.007,2.2027,5.57631,0.453494,0.76119,162.807,2.31347,5.64913,0.931052,1.00664,amsieutoc_happytime
163.082,1.78656,4.97831,0.450364,0.444188,162.31,2.15078,5.60795,0.476911,0.657035,163.146,2.27438,5.12295,0.94418,0.810882,161.88,1.88977,5.70799,0.562759,0.551203,amsieutoc_happytime
164.121,1.98901,5.75253,0.709297,0.756456,162.986,1.56116,5.32128,0.538739,0.668739,163.17,2.26304,5.25058,0.615369,0.486158,163.13,2.12314,4.98146,0.80743,0.560606,amsieutoc_happytime
162.988,1.671,5.4797,0.410794,0.496677,163.345,2.39393,4.85595,0.614533,0.554167,162.801,1.72668,5.00197,0.506277,0.484006,162.305,2.41139,5.12119,0.511692,0.480371,amsieutoc_happytime
161.464,1.67732,5.57149,0.431227,0.521509,162.885,1.73066,6.0568,0.751047,0.593209,160.48,1.81681,5.52663,0.436937,0.453492,161.891,2.31376,5.27332,0.921561,0.974048,amsieutoc_happytime
159.422,1.94772,5.47724,0.438571,0.589922,160.47,1.90384,6.02424,0.802671,0.548536,158.717,1.94121,5.60047,0.451996,0.567751,159.779,2.03682,5.97324,0.888993,0.65785,amsieutoc_happytime
158.116,2.77447,4.78044,0.802073,0.930913,156.011,2.12521,5.35971,0.412734,0.503827,157.307,1.9836,6.00477,1.16764,0.666866,155.134,2.76825,5.05338,0.821245,0.776484,amsieutoc_happytime
154.494,2.34598,4.92598,0.408285,0.662459,154.25,2.05889,4.82951,0.618568,0.751571,154.986,1.85769,4.22616,0.630648,0.804823,154.982,2.01478,5.59615,1.27192,0.778895,amsieutoc_happytime
152.969,2.21066,4.84142,0.350712,0.455334,153.115,1.87251,4.42213,0.849683,0.602628,153.149,3.01187,4.23388,0.908072,0.489752,154.006,2.0073,4.47976,0.758214,1.03891,amsieutoc_happytime
155.382,2.06286,5.09207,0.795135,0.927552,154.842,3.09343,3.79329,0.563171,0.538809,153.57,2.46363,5.10914,0.463294,0.693482,152.827,2.11265,4.98595,0.380787,0.511635,amsieutoc_happytime
0.380579,0.222602,0.366638,0.226883,0.156888,0.936088,0.587009,0.622238,0.366584,0.215719,0.807941,0.548868,0.573812,0.31551,0.215679,0.655267,0.555909,0.575581,0.325792,0.134326,samsung_qc2
0.209295,0.135978,0.154343,0.166872,0.115767,0.384818,0.237874,0.250339,0.234259,0.144135,0.863618,0.467889,0.533292,0.342994,0.183687,0.663522,0.415668,0.525641,0.349971,0.187503,samsung_qc2
0.413983,0.222593,0.322061,0.205837,0.167681,0.767097,0.575283,0.57623,0.337789,0.156418,0.687265,0.406058,0.51064,0.303341,0.169792,0.651146,0.414007,0.522693,0.342279,0.162497,samsung_qc2
0.383969,0.274736,0.325623,0.210996,0.117359,0.6158,0.403272,0.298671,0.196176,0.215905,1.01194,0.578563,0.656927,0.400189,0.208652,0.88026,0.519367,0.65169,0.321966,0.158328,samsung_qc2
0.206847,0.181544,0.124876,0.174605,0.140113,0.39194,0.209144,0.317031,0.203755,0.177122,0.747432,0.485804,0.459003,0.384708,0.203221,0.702121,0.507726,0.43714,0.344452,0.176761,samsung_qc2
0.361865,0.245807,0.236743,0.215031,0.118471,0.928065,0.547903,0.609435,0.426694,0.274222,0.683785,0.405818,0.417444,0.393565,0.192265,0.666691,0.469071,0.428906,0.316853,0.167933,samsung_qc2
0.361729,0.225788,0.213332,0.246381,0.13783,0.730199,0.526851,0.439231,0.329824,0.147013,0.718511,0.395507,0.369874,0.338061,0.200649,0.63659,0.438008,0.432072,0.32371,0.122159,samsung_qc2
0.210928,0.219549,0.209669,0.193442,0.1734,0.347655,0.280637,0.290672,0.252607,0.200488,0.994203,0.673619,0.593393,0.464836,0.212009,0.842962,0.636271,0.5746,0.382022,0.218052,samsung_qc2
0.351549,0.295045,0.298766,0.226535,0.191295,0.534947,0.393182,0.227284,0.2363,0.207788,1.0641,0.653083,0.631225,0.476814,0.252177,0.936145,0.648768,0.560835,0.47493,0.144253,samsung_qc2
0.282959,0.223004,0.21186,0.200337,0.193306,0.397066,0.310373,0.278334,0.273246,0.188001,1.05029,0.706016,0.601674,0.491061,0.275195,0.973919,0.623709,0.498302,0.389687,0.304672,samsung_qc2
0.312561,0.218557,0.187557,0.16601,0.126941,0.435129,0.367931,0.248694,0.219969,0.183522,0.981165,0.72506,0.520115,0.338965,0.270746,0.923811,0.744168,0.406484,0.43997,0.2475,samsung_qc2
0.434915,0.290582,0.223423,0.247129,0.221007,0.450975,0.425763,0.263971,0.213034,0.227778,1.00444,0.721487,0.533806,0.3669,0.157248,0.96368,0.64942,0.529061,0.401716,0.233356,samsung_qc2
0.313844,0.241523,0.186023,0.137609,0.167693,0.409197,0.229246,0.195984,0.176174,0.207846,1.00139,0.778618,0.578779,0.463434,0.24211,0.927588,0.635669,0.55677,0.434552,0.305821,samsung_qc2
0.274331,0.283424,0.19058,0.187429,0.189906,0.368063,0.244776,0.267417,0.21266,0.121299,1.03386,0.656152,0.586459,0.43368,0.240932,1.0179,0.659456,0.659989,0.42298,0.25342,samsung_qc2
0.309078,0.223397,0.228635,0.168694,0.115574,0.340795,0.265474,0.355596,0.246033,0.188999,1.02951,0.662835,0.675496,0.416084,0.229626,0.994293,0.627141,0.658631,0.48864,0.164954,samsung_qc2
0.211226,0.206893,0.227335,0.1094,0.134017,0.395283,0.258768,0.290597,0.256693,0.194567,0.957154,0.654368,0.585705,0.452176,0.198962,0.978598,0.655848,0.643987,0.424344,0.237948,samsung_qc2
0.289708,0.255366,0.240833,0.239475,0.169166,0.355829,0.230469,0.292636,0.329126,0.187983,0.943332,0.747039,0.604145,0.448548,0.181229,0.97312,0.514753,0.668718,0.430127,0.222745,samsung_qc2
0.230672,0.22457,0.283258,0.181943,0.117189,0.42232,0.310626,0.292393,0.322623,0.100677,0.967012,0.604293,0.613727,0.450584,0.187264,0.877481,0.554037,0.645265,0.430931,0.20033,samsung_qc2
0.309242,0.235183,0.239896,0.208906,0.143228,0.328128,0.269024,0.294141,0.296326,0.137534,1.02779,0.628345,0.621555,0.438549,0.197446,0.928327,0.622759,0.584041,0.354172,0.224111,samsung_qc2
0.330192,0.273977,0.255802,0.266101,0.120666,0.363905,0.28922,0.259247,0.246595,0.15496,0.986173,0.686866,0.613387,0.400143,0.246966,1.01579,0.594454,0.610394,0.428165,0.259665,samsung_qc2
0.230289,0.236415,0.183268,0.213027,0.114074,0.355983,0.332424,0.190724,0.207557,0.128403,1.05987,0.72951,0.615682,0.43868,0.248665,1.03878,0.689131,0.585747,0.404846,0.231071,samsung_qc2
0.201419,0.236745,0.216648,0.129837,0.149217,0.363674,0.301869,0.317551,0.351068,0.192563,0.971193,0.707566,0.620216,0.38525,0.221541,1.03267,0.648229,0.532852,0.449222,0.302818,samsung_qc2
0.285246,0.24633,0.146001,0.168754,0.169448,0.386763,0.260985,0.2225,0.251713,0.246123,1.03056,0.744356,0.606085,0.374079,0.239266,0.968507,0.63184,0.648273,0.430239,0.22785,samsung_qc2
0.148093,0.115705,0.194186,0.180179,0.129514,0.197848,0.282898,0.14427,0.188976,0.164332,0.901454,0.917564,0.497386,0.407713,0.150288,0.876551,0.953755,0.4762,0.43475,0.101465,samsung_qc2
0.176002,0.138489,0.150885,0.140799,0.141506,0.195832,0.181158,0.157433,0.161932,0.146703,0.389233,0.220566,0.24319,0.209223,0.238187,0.934844,0.867218,0.638208,0.38668,0.222545,samsung_qc2
0.255963,0.237281,0.169394,0.23545,0.0903269,0.345693,0.347419,0.290374,0.210903,0.162837,0.956833,0.809647,0.640904,0.3533,0.23164,0.958012,0.866301,0.537959,0.407352,0.147142,samsung_qc2
0.284451,0.241491,0.200805,0.0984099,0.0981655,0.388039,0.363986,0.233571,0.302326,0.153804,0.960375,0.888104,0.622846,0.481016,0.21369,0.978909,0.905689,0.636646,0.445014,0.187645,samsung_qc2
0.184913,0.2503,0.18261,0.145726,0.118433,0.329867,0.399947,0.231396,0.287711,0.148966,1.00757,0.805542,0.567101,0.436255,0.215104,0.975947,0.906202,0.576496,0.414384,0.178866,samsung_qc2
0.239444,0.273708,0.184141,0.12385,0.0958438,0.33286,0.274797,0.277314,0.235934,0.159003,0.966461,0.844073,0.55237,0.442738,0.207568,0.934504,0.821555,0.651286,0.374559,0.17707,samsung_qc2
0.246723,0.223245,0.223607,0.183709,0.127252,0.273051,0.30273,0.291937,0.221333,0.166678,1.01427,0.870844,0.650158,0.446104,0.2504,0.846197,0.860732,0.636692,0.33579,0.211161,samsung_qc2
0.228631,0.121779,0.287528,0.12548,0.136939,0.228587,0.271929,0.254584,0.252929,0.161797,1.03978,0.789733,0.662301,0.436482,0.336193,0.976306,0.806119,0.60526,0.360087,0.246886,samsung_qc2
0.229398,0.171048,0.130265,0.118954,0.164815,0.338833,0.3096,0.278018,0.234294,0.159523,0.983037,0.692063,0.689868,0.265697,0.300253,0.932006,0.75989,0.633402,0.252715,0.244695,samsung_qc2
0.354573,0.270547,0.31268,0.177995,0.168552,0.333776,0.301894,0.343141,0.189808,0.187326,0.951714,0.777334,0.686502,0.371528,0.278929,1.03451,0.683178,0.670515,0.338229,0.183821,samsung_qc2
0.284698,0.303739,0.293825,0.217644,0.138335,0.391214,0.281874,0.340246,0.226682,0.147625,0.938579,0.622854,0.652908,0.324584,0.213684,1.01004,0.628245,0.728499,0.377911,0.188813,samsung_qc2
0.137233,0.232401,0.18023,0.100333,0.210914,0.286467,0.198862,0.162791,0.118952,0.208745,0.426109,0.206595,0.305269,0.176501,0.195268,0.993246,0.574872,0.667103,0.34708,0.159227,samsung_qc2
0.272344,0.191072,0.16361,0.20492,0.152792,0.400189,0.23338,0.282861,0.252676,0.116739,0.942495,0.603348,0.710356,0.397413,0.26129,0.998513,0.621062,0.702327,0.359807,0.21311,samsung_qc2
0.314167,0.180078,0.240093,0.182386,0.123514,0.31253,0.263084,0.329449,0.184588,0.212134,1.07779,0.653181,0.747175,0.370598,0.275716,1.01364,0.615699,0.613651,0.318518,0.201694,samsung_qc2
0.155298,0.135216,0.176662,0.167431,0.141048,0.245732,0.264917,0.220711,0.186414,0.107947,0.363686,0.206625,0.2481,0.18125,0.114487,1.02838,0.645737,0.696237,0.413838,0.150702,samsung_qc2
0.355836,0.309727,0.302612,0.185954,0.13182,0.443347,0.288992,0.317053,0.25148,0.143253,0.996181,0.638859,0.626956,0.397142,0.233032,0.98585,0.672062,0.71047,0.4325,0.171849,samsung_qc2
0.363401,0.22911,0.304794,0.259718,0.140277,0.386666,0.240943,0.28727,0.245538,0.119014,1.03552,0.68392,0.718427,0.393202,0.256888,0.956339,0.603807,0.586216,0.370338,0.232787,samsung_qc2
0.187069,0.161396,0.132214,0.138392,0.151326,0.229971,0.247653,0.199019,0.255543,0.136866,0.386581,0.233,0.335791,0.25177,0.111371,1.0067,0.712093,0.688025,0.403376,0.174171,samsung_qc2
0.258445,0.171088,0.212684,0.159354,0.120937,0.429319,0.260299,0.267542,0.251991,0.124983,1.0509,0.58289,0.738083,0.423401,0.174044,1.03859,0.730183,0.723798,0.413836,0.215939,samsung_qc2
0.230743,0.158116,0.211926,0.140462,0.124895,0.350458,0.283798,0.316908,0.23839,0.187558,0.9906,0.620472,0.675622,0.418161,0.258269,1.04875,0.621748,0.627883,0.36382,0.206004,samsung_qc2
0.233827,0.200613,0.214035,0.132762,0.10683,0.351318,0.337997,0.242935,0.210686,0.138041,1.1025,0.573892,0.649767,0.508745,0.234611,1.0401,0.612495,0.616382,0.448134,0.215099,samsung_qc2
0.274067,0.202725,0.187762,0.172728,0.120116,0.355049,0.265932,0.352165,0.27327,0.129479,1.05142,0.632806,0.667241,0.419335,0.200298,1.01473,0.667664,0.697406,0.435437,0.214986,samsung_qc2
0.146341,0.190619,0.171961,0.120959,0.134443,0.188125,0.18766,0.149192,0.1335,0.1808,0.192112,0.189849,0.163979,0.146566,0.101288,0.401144,0.307335,0.284987,0.220309,0.116872,samsung_qc2
0.227998,0.249022,0.181121,0.150421,0.202859,0.374997,0.256501,0.294556,0.290961,0.179432,0.967456,0.599744,0.675454,0.499193,0.173926,1.03221,0.635618,0.664129,0.460494,0.205815,samsung_qc2
0.145786,0.174621,0.14342,0.210358,0.174645,0.251052,0.227207,0.141398,0.189341,0.178272,0.436466,0.283755,0.374584,0.220816,0.117478,0.945529,0.687855,0.653013,0.402242,0.239926,samsung_qc2
0.265937,0.199437,0.133981,0.178857,0.136012,0.311053,0.247649,0.316418,0.183384,0.201894,1.07882,0.613193,0.701294,0.447745,0.171906,1.03078,0.626827,0.724001,0.387662,0.191118,samsung_qc2
0.409123,0.283335,0.338085,0.201899,0.137307,0.478928,0.304231,0.340598,0.309794,0.106741,1.09231,0.695877,0.720519,0.347502,0.183327,0.941417,0.555047,0.712632,0.372307,0.196753,samsung_qc2
4.3304,0.108442,0.42112,0.104223,0.100892,4.24616,0.109259,0.443207,0.125092,0.0943112,4.18528,0.10918,0.518086,0.0885759,0.150257,4.26168,0.159664,0.450616,0.0904256,0.158808,vinawind
4.31546,0.124294,0.504145,0.152867,0.118696,4.22181,0.094375,0.470209,0.0911086,0.128799,4.16691,0.0795772,0.431456,0.12552,0.166411,4.16544,0.0987645,0.392545,0.112258,0.110644,vinawind
4.26352,0.132838,0.446121,0.131062,0.167554,4.14603,0.164036,0.367233,0.1205,0.13421,4.16348,0.136872,0.460637,0.113667,0.0853285,3.97641,0.119306,0.431118,0.0911154,0.0956335,vinawind
4.35814,0.0996691,0.485906,0.133499,0.101579,4.23218,0.117253,0.462474,0.0853154,0.122562,4.18005,0.115181,0.530386,0.0878898,0.119868,4.15066,0.157439,0.401055,0.0876161,0.102487,vinawind
4.28252,0.138254,0.436494,0.104946,0.129849,4.23415,0.109633,0.353628,0.0919824,0.0945752,4.2346,0.0898229,0.354277,0.0781672,0.144573,4.17639,0.101591,0.397073,0.142446,0.0660095,vinawind
4.31586,0.146794,0.419139,0.094437,0.0790175,4.1781,0.115228,0.451594,0.106691,0.146739,4.20133,0.140538,0.484481,0.0938313,0.108356,4.15338,0.0976039,0.432699,0.118878,0.112933,vinawind
4.31535,0.100509,0.561861,0.0774066,0.113243,4.32564,0.107888,0.554545,0.0999896,0.0965182,4.28238,0.114766,0.51068,0.100406,0.10504,4.2275,0.110593,0.481457,0.0717975,0.0920468,vinawind
4.28932,0.177352,0.464208,0.0865658,0.0891103,4.34569,0.143944,0.525432,0.0699909,0.100748,4.24499,0.126184,0.541937,0.0805693,0.100344,4.17705,0.129888,0.528353,0.0969174,0.107697,vinawind
4.26675,0.120637,0.536794,0.140396,0.0938891,4.14486,0.13388,0.447669,0.114525,0.0939767,4.137,0.108172,0.446983,0.0921792,0.171533,4.17095,0.10348,0.487627,0.0801495,0.152347,vinawind
4.44776,0.129653,0.488559,0.108325,0.139284,4.335,0.104904,0.535229,0.100773,0.159083,4.27447,0.117729,0.507969,0.102703,0.127953,4.30564,0.0996563,0.472651,0.125369,0.101405,vinawind
4.41788,0.119557,0.464009,0.100637,0.129346,4.35327,0.120112,0.471612,0.111684,0.12242,4.2652,0.106827,0.421543,0.104691,0.0886033,4.18312,0.144446,0.485045,0.142044,0.0986128,vinawind
4.45525,0.12066,0.430952,0.0922313,0.119653,4.42159,0.133861,0.39711,0.100256,0.1225,4.4293,0.144231,0.40012,0.117228,0.109808,4.29257,0.123048,0.457409,0.125932,0.132968,vinawind
4.39251,0.175208,0.45145,0.100388,0.106993,4.32193,0.16496,0.568654,0.10292,0.122218,4.34888,0.154461,0.471954,0.0712954,0.110618,4.35732,0.134716,0.493231,0.0944796,0.107546,vinawind
4.36887,0.142386,0.541572,0.106671,0.12058,4.32458,0.144992,0.487413,0.0988578,0.155875,4.29474,0.112677,0.423652,0.131427,0.114632,4.27543,0.0948009,0.428641,0.116924,0.125974,vinawind
4.31644,0.0843397,0.435531,0.111589,0.12839,4.29444,0.159036,0.470311,0.102228,0.129042,4.20567,0.11605,0.495187,0.0891739,0.100473,4.18796,0.104277,0.487455,0.125221,0.0915264,vinawind
4.26397,0.119984,0.485007,0.0822632,0.146501,4.21374,0.103693,0.492632,0.157212,0.106929,4.23801,0.119662,0.508801,0.106716,0.0902379,4.20152,0.111866,0.481717,0.0944118,0.0850967,vinawind
4.32234,0.0881468,0.493179,0.106811,0.137873,4.28857,0.0872537,0.462986,0.0954539,0.134339,4.23777,0.113204,0.429721,0.0971685,0.0936628,4.22287,0.115116,0.445502,0.0901828,0.126408,vinawind
4.47389,0.154996,0.406702,0.1473,0.146414,4.38249,0.122592,0.468425,0.0892635,0.166161,4.37544,0.122999,0.420081,0.121203,0.0906354,4.34657,0.171399,0.401418,0.121177,0.114938,vinawind
5.34648,0.239936,0.337908,0.0910602,0.0833417,5.17736,0.186701,0.336196,0.102279,0.0898515,5.04333,0.138759,0.341082,0.0816769,0.0905439,4.95542,0.149551,0.322068,0.116327,0.106301,vinawind
5.34121,0.20209,0.295054,0.0829721,0.069146,5.10442,0.137558,0.246033,0.101667,0.102233,5.00259,0.170559,0.321854,0.0904173,0.0858863,4.98083,0.15816,0.294332,0.0997977,0.0785312,vinawind
5.26428,0.196561,0.268988,0.107844,0.0691824,5.12627,0.116369,0.308849,0.104532,0.0894376,5.04126,0.228132,0.249087,0.103303,0.110374,5.00868,0.216127,0.294842,0.108802,0.0857081,vinawind
5.20617,0.176538,0.282382,0.0838691,0.102715,5.09076,0.18739,0.22075,0.121017,0.124341,5.01222,0.158124,0.286011,0.0817672,0.0684879,4.91706,0.157734,0.251823,0.0892719,0.0896957,vinawind
5.32502,0.277773,0.338873,0.108378,0.106866,5.15125,0.152746,0.258521,0.0764548,0.0934972,5.05231,0.193512,0.231844,0.0816643,0.0895916,4.95604,0.217188,0.226907,0.10057,0.0962878,vinawind
5.49251,0.218657,0.205641,0.0906512,0.0908254,5.32166,0.226614,0.236651,0.101049,0.0894423,5.17104,0.166811,0.226259,0.0922226,0.103714,5.06541,0.192824,0.367813,0.0954863,0.0975804,vinawind
5.33402,0.164251,0.30687,0.101562,0.0720828,5.19345,0.130281,0.227436,0.0862479,0.108605,5.12082,0.145946,0.296725,0.105141,0.112463,4.99968,0.156256,0.326241,0.0853464,0.128436,vinawind
5.4422,0.156499,0.236287,0.113322,0.0937665,5.35337,0.130719,0.279066,0.0767956,0.117457,5.17173,0.125359,0.282323,0.0798223,0.0907504,5.07367,0.162683,0.298736,0.0944123,0.124392,vinawind
5.30989,0.198495,0.210006,0.0753502,0.14543,5.20274,0.16543,0.241358,0.0978548,0.101857,5.08081,0.119303,0.227168,0.0927669,0.071137,5.03952,0.180844,0.270372,0.0635201,0.0890602,vinawind
5.35061,0.143322,0.26569,0.0931786,0.0991845,5.25015,0.147814,0.267073,0.104642,0.0968162,5.07023,0.149178,0.255013,0.117203,0.0985037,5.02007,0.152769,0.266405,0.112383,0.104067,vinawind
5.45549,0.174101,0.285345,0.0909315,0.116032,5.17044,0.157691,0.303759,0.0943309,0.0849062,5.10892,0.18897,0.250215,0.082705,0.10868,5.04328,0.0935271,0.222384,0.0824024,0.104222,vinawind
5.34849,0.184128,0.286419,0.116905,0.0768047,5.23835,0.199391,0.275738,0.109801,0.0769991,5.15571,0.150584,0.20013,0.0862477,0.096728,5.06573,0.136403,0.23527,0.0900412,0.0915642,vinawind
5.50714,0.202512,0.289388,0.0883883,0.0779479,5.36651,0.178929,0.250618,0.117227,0.0961234,5.22995,0.174627,0.21708,0.104217,0.112759,5.14801,0.199355,0.376214,0.100864,0.0799951,vinawind
5.41138,0.179984,0.293718,0.0666858,0.090884,5.35552,0.167884,0.217885,0.105636,0.112902,5.16779,0.208635,0.227706,0.09003,0.123824,5.12271,0.207516,0.182041,0.0845374,0.109516,vinawind
5.23331,0.255486,0.384333,0.093925,0.0728312,5.0886,0.175652,0.312127,0.100716,0.112595,4.92874,0.210237,0.347089,0.0952629,0.110788,4.7955,0.146639,0.373056,0.083768,0.114276,vinawind
5.07869,0.209847,0.379509,0.0985113,0.0977553,4.92577,0.215785,0.422548,0.0856708,0.0725851,4.77561,0.173846,0.305636,0.0802307,0.115021,4.70783,0.129106,0.38156,0.091153,0.124779,vinawind
4.8878,0.217146,0.315707,0.0879561,0.142857,4.78387,0.18595,0.35581,0.11328,0.0858644,4.75959,0.14611,0.373161,0.13402,0.1021,4.6929,0.170756,0.387851,0.0892966,0.103566,vinawind
5.03467,0.167312,0.309515,0.124334,0.0794952,4.9049,0.146003,0.335659,0.122768,0.0918871,4.79321,0.158374,0.339256,0.0891771,0.0770081,4.7384,0.192065,0.334068,0.112516,0.0951975,vinawind
5.90725,0.245725,0.158219,0.0835343,0.0951257,5.65015,0.256136,0.174855,0.0865541,0.110938,5.30843,0.103023,0.222467,0.0890964,0.0833302,5.38683,0.163988,0.24741,0.0687399,0.094657,vinawind
5.9175,0.21922,0.16458,0.0848696,0.0908467,5.67653,0.148598,0.195591,0.0809804,0.110448,5.51541,0.167489,0.192821,0.0969322,0.0887685,5.45159,0.228594,0.191144,0.0842041,0.0902924,vinawind
5.87506,0.209806,0.156799,0.0649224,0.0724395,5.54902,0.175626,0.210459,0.085407,0.0905608,5.55848,0.135184,0.189301,0.104905,0.106584,5.49593,0.136416,0.230036,0.122543,0.104999,vinawind
6.04146,0.178552,0.183628,0.0883705,0.104864,5.65243,0.187753,0.197672,0.10558,0.100834,5.50693,0.141632,0.225822,0.086676,0.0737023,5.50287,0.150384,0.245755,0.0973984,0.0821141,vinawind
6.00844,0.236706,0.145252,0.109607,0.09517,5.71345,0.214952,0.184838,0.0909466,0.0687524,5.57072,0.169674,0.159355,0.137959,0.0715877,5.53524,0.163367,0.243657,0.0739071,0.0901186,vinawind
6.05119,0.218931,0.12391,0.0873013,0.094918,5.75917,0.172144,0.133512,0.0948144,0.105645,5.61173,0.154429,0.185058,0.116453,0.0918767,5.58425,0.136318,0.155099,0.0614814,0.115542,vinawind
6.12191,0.187981,0.140207,0.114672,0.0806166,5.83677,0.183958,0.134863,0.0871293,0.118482,5.60278,0.12526,0.14024,0.106649,0.109627,5.65633,0.138179,0.115757,0.0952716,0.0905401,vinawind
5.91451,0.230391,0.192673,0.0734225,0.118174,5.67118,0.210979,0.122795,0.0958273,0.111281,5.62983,0.122319,0.143214,0.0995881,0.0792529,5.63968,0.125986,0.170941,0.0733341,0.0626629,vinawind
5.83866,0.202318,0.182093,0.135294,0.111081,5.63367,0.154804,0.180763,0.0916191,0.113743,5.61761,0.126707,0.192832,0.0770725,0.0820071,5.48393,0.102695,0.241722,0.136076,0.133992,vinawind
5.78088,0.185198,0.170996,0.112969,0.0773174,5.65827,0.160817,0.167674,0.101518,0.107273,5.52248,0.182439,0.213517,0.0988578,0.111674,5.49402,0.113085,0.193849,0.0879954,0.0851903,vinawind
5.74065,0.225854,0.193736,0.106552,0.0957276,5.50602,0.180689,0.261901,0.102302,0.103866,5.5109,0.164977,0.241163,0.0958255,0.126862,5.47492,0.0968957,0.226325,0.0839895,0.0865137,vinawind
5.87872,0.193889,0.229258,0.0839847,0.089211,5.60558,0.198385,0.17961,0.0862445,0.0935182,5.40949,0.152948,0.287454,0.10047,0.116539,5.43851,0.142485,0.219839,0.126565,0.0805652,vinawind
5.82579,0.180382,0.198631,0.106118,0.0689577,5.44401,0.145787,0.283193,0.105004,0.109621,5.37416,0.139101,0.26303,0.103382,0.0808033,5.3681,0.143608,0.220571,0.0976388,0.0850575,vinawind
5.67384,0.233651,0.164046,0.0796531,0.0903305,5.5408,0.201344,0.236603,0.0880514,0.103431,5.37069,0.169907,0.238123,0.114051,0.0910507,5.36204,0.141742,0.203652,0.0929396,0.096304,vinawind
116.708,4.60672,0.373137,0.432053,0.795855,117.516,3.17707,0.677644,0.755179,0.758391,117.266,4.90299,0.527181,0.595415,0.538621,116.7,4.16376,0.480849,0.370161,0.670529,iron_panasonic_ni317t_1000W
118.075,3.99161,0.477416,0.359003,0.617669,118.97,4.56978,0.726739,0.480588,0.847787,119.274,3.96171,0.794407,0.783315,0.520606,119.393,3.31331,0.652897,0.543385,0.761072,iron_panasonic_ni317t_1000W
120.371,4.18089,0.715998,0.408123,0.839922,120.031,3.68848,0.559438,0.527504,0.57744,119.344,3.66538,0.300041,0.372959,0.524125,120.374,3.49523,0.762384,0.745523,0.647404,iron_panasonic_ni317t_1000W
120.22,3.81019,0.32353,0.501824,0.517078,120.758,3.57687,0.583587,0.584619,0.724735,119.924,3.38958,0.511674,0.464954,0.636834,119.805,3.46078,0.223383,0.476973,0.626156,iron_panasonic_ni317t_1000W
21.0329,0.623605,0.192462,0.12687,0.347299,21.0512,0.583813,0.109184,0.180802,0.282374,20.8516,0.930015,0.213145,0.186946,0.234993,20.5332,0.709723,0.155909,0.12962,0.321638,dryer_450W
20.7489,0.562456,0.174006,0.130946,0.375461,20.8241,0.578327,0.134412,0.160903,0.229783,20.7474,0.967435,0.235579,0.182711,0.344863,20.3261,0.693032,0.184255,0.080133,0.184283,dryer_450W
20.746,0.631553,0.114825,0.124722,0.232073,20.6902,0.754191,0.235141,0.162786,0.199795,20.4402,0.867551,0.19021,0.202761,0.219468,20.2996,0.710459,0.20929,0.158192,0.215334,dryer_450W
20.6372,0.697481,0.116357,0.157337,0.201751,20.4476,1.06287,0.24209,0.211818,0.243332,20.0704,0.769788,0.136975,0.147483,0.288949,20.4034,0.589179,0.230888,0.225673,0.177828,dryer_450W
19.5999,0.537864,0.273168,0.252109,0.219201,19.702,0.533823,0.194407,0.201847,0.164817,19.6907,0.788376,0.219548,0.214456,0.201101,19.7183,0.742636,0.144417,0.24496,0.223353,dryer_450W
19.5725,0.747543,0.121977,0.145432,0.198583,19.5304,0.760512,0.13497,0.11593,0.171129,19.5444,0.712394,0.122946,0.166634,0.209519,19.4318,0.738407,0.142052,0.139971,0.242879,dryer_450W
19.6416,0.804947,0.162239,0.109557,0.184045,19.4922,0.77187,0.170387,0.107019,0.249538,19.5017,0.746454,0.100533,0.169615,0.281786,19.4971,0.697992,0.139399,0.0974014,0.247869,dryer_450W
19.4242,0.496633,0.227324,0.20296,0.292101,19.4871,0.535258,0.230278,0.176791,0.234689,19.4711,0.744652,0.118732,0.120113,0.197167,19.3864,0.75305,0.129317,0.160799,0.171951,dryer_450W
19.4469,0.795161,0.216142,0.174162,0.22538,19.7502,0.478469,0.21918,0.214132,0.335271,19.6872,0.443726,0.270933,0.175849,0.265408,19.9384,0.603789,0.166521,0.198029,0.174739,dryer_450W
20.1414,0.759078,0.122477,0.149717,0.273243,20.0978,0.698003,0.133457,0.107597,0.159146,20.0908,0.767033,0.110846,0.14746,0.319493,20.2731,0.678958,0.107147,0.1339,0.258495,dryer_450W
20.4754,0.562038,0.27067,0.229043,0.185451,20.4935,0.723569,0.118766,0.107216,0.25003,20.5526,0.631615,0.127643,0.102449,0.221189,20.5362,0.653701,0.107492,0.165675,0.267535,dryer_450W
21.3206,0.533198,0.124468,0.114886,0.242336,21.037,0.602543,0.186225,0.133614,0.190407,21.4423,0.547615,0.12774,0.158169,0.212441,21.387,0.555006,0.169347,0.0941019,0.168228,dryer_450W
21.5776,0.611132,0.112387,0.126153,0.183287,21.2143,0.570738,0.114862,0.132682,0.214743,21.5706,0.518119,0.143857,0.140967,0.166276,21.4303,0.470072,0.113221,0.149514,0.1779,dryer_450W
21.6688,0.580063,0.159327,0.152768,0.201866,21.3153,0.521921,0.0960956,0.222704,0.169238,21.6509,0.515771,0.138899,0.113892,0.167143,21.6664,0.499201,0.182829,0.179505,0.27573,dryer_450W
21.7408,0.641353,0.116965,0.143733,0.235583,21.7093,0.564353,0.146782,0.0911923,0.198962,21.3111,0.5683,0.0846327,0.108765,0.22767,21.7577,0.558746,0.186942,0.156391,0.19872,dryer_450W
22.4,0.548971,0.134304,0.112187,0.200633,22.1692,0.687033,0.139344,0.142607,0.20683,22.4434,0.714255,0.227942,0.130793,0.265168,22.4765,0.561887,0.135173,0.130251,0.25222,dryer_450W
22.0901,0.595892,0.114794,0.129361,0.175505,22.3506,0.61142,0.147211,0.134284,0.207965,22.2905,0.591414,0.206217,0.209728,0.273132,22.2725,0.688012,0.238136,0.162593,0.231701,dryer_450W
22.5275,0.584475,0.103932,0.140667,0.177222,22.24,0.571228,0.154395,0.166225,0.158621,22.5957,0.626012,0.144816,0.134549,0.149795,22.5288,0.576883,0.157251,0.165441,0.185238,dryer_450W
22.6042,0.722236,0.253162,0.168651,0.223568,22.5397,0.65731,0.146833,0.145409,0.274219,22.2843,0.513587,0.144161,0.102081,0.134945,22.4971,0.527352,0.160278,0.171624,0.141367,dryer_450W
22.702,0.583667,0.193215,0.103646,0.157202,22.5674,0.683416,0.238349,0.170328,0.215729,22.6897,0.613086,0.112694,0.108107,0.190022,22.4589,0.62191,0.214261,0.139554,0.162059,dryer_450W
22.5598,0.708274,0.123774,0.160407,0.24386,22.3541,0.544483,0.15697,0.165466,0.229175,22.2389,0.803264,0.268205,0.176284,0.21634,22.3815,0.571073,0.102635,0.180929,0.210697,dryer_450W
21.2633,0.66141,0.120663,0.116535,0.258171,21.126,0.712495,0.0946071,0.100849,0.275514,21.1154,0.97641,0.235654,0.176372,0.287244,20.7163,0.733291,0.128417,0.133104,0.238522,dryer_450W
21.3431,0.834707,0.227007,0.162785,0.143275,20.9149,0.681652,0.155832,0.112972,0.160299,21.3684,0.582108,0.299998,0.230653,0.238328,21.4304,0.640597,0.132551,0.129074,0.261039,dryer_450W
21.7288,0.592103,0.197174,0.190001,0.28197,21.559,0.684992,0.161866,0.130812,0.211168,21.9729,0.541908,0.198774,0.138438,0.171831,21.9616,0.577129,0.117884,0.150819,0.169006,dryer_450W
21.7549,0.653157,0.0987954,0.098203,0.184084,21.9848,0.572653,0.157362,0.156033,0.212199,22.0096,0.541045,0.170715,0.104224,0.208697,21.7225,0.699071,0.13933,0.113286,0.247886,dryer_450W
22.2202,0.545649,0.136186,0.0940861,0.234099,21.8332,0.551387,0.0996164,0.125922,0.207122,22.2379,0.497211,0.136264,0.107578,0.140553,22.0509,0.67666,0.17926,0.092789,0.139149,dryer_450W
22.3525,0.59035,0.147124,0.133058,0.165211,22.1141,0.666071,0.127779,0.162321,0.174522,22.4108,0.557958,0.180895,0.174942,0.187971,22.2175,0.539533,0.145429,0.142289,0.206008,dryer_450W
22.3686,0.535448,0.151566,0.0860262,0.204939,22.0607,0.601672,0.149084,0.212187,0.14173,22.2303,0.494811,0.170853,0.113104,0.183955,22.3341,0.564319,0.1886,0.169365,0.179802,dryer_450W
22.4547,0.55477,0.146635,0.15363,0.199303,22.1049,0.70593,0.227965,0.141113,0.235716,22.4159,0.640858,0.248962,0.20947,0.198246,22.3011,0.492925,0.119269,0.1855,0.182443,dryer_450W
22.5523,0.612203,0.1267,0.169451,0.179562,22.3752,0.719058,0.265944,0.169753,0.250668,22.5419,0.629073,0.18053,0.204083,0.219792,22.4496,0.55607,0.169477,0.138007,0.177526,dryer_450W
21.9741,0.703358,0.238579,0.174146,0.173928,21.9241,0.637871,0.205625,0.194176,0.227227,21.9371,0.545312,0.147466,0.116325,0.190479,21.8616,0.603632,0.190009,0.25869,0.242084,dryer_450W
21.7616,0.670917,0.167773,0.11087,0.257213,22.2632,0.574119,0.164526,0.117485,0.167996,22.1839,0.48394,0.191232,0.18703,0.214989,22.2602,0.678577,0.190433,0.166037,0.179,dryer_450W
22.3778,0.684177,0.147088,0.14986,0.201942,22.1212,0.54504,0.141877,0.186928,0.199821,22.0769,0.841663,0.198543,0.128672,0.291202,22.3617,0.58067,0.206257,0.185503,0.182621,dryer_450W
22.0852,0.644602,0.122091,0.129047,0.236907,22.3654,0.589061,0.137423,0.169396,0.283635,22.1621,0.617934,0.158801,0.178631,0.239092,22.3191,0.628461,0.213422,0.176345,0.23827,dryer_450W
22.2497,0.580386,0.123465,0.142047,0.230794,22.0423,0.639566,0.208376,0.181473,0.242743,22.2206,0.535685,0.13798,0.175456,0.228419,22.0406,0.602805,0.24306,0.157057,0.181663,dryer_450W
22.1453,0.549533,0.0999119,0.147193,0.153505,21.7033,0.569099,0.128151,0.105179,0.202119,21.9943,0.513958,0.116163,0.103054,0.144523,21.9846,0.545987,0.139465,0.12433,0.158291,dryer_450W
21.774,0.815111,0.264961,0.225407,0.203378,21.547,0.675252,0.249037,0.202789,0.240034,21.7603,0.430036,0.168735,0.116815,0.174262,21.6807,0.489513,0.175835,0.136743,0.161113,dryer_450W
21.4265,0.581127,0.206603,0.263705,0.306056,21.5992,0.495925,0.102512,0.103201,0.218802,21.5807,0.545869,0.173605,0.184722,0.254599,21.258,0.801499,0.23422,0.212724,0.196807,dryer_450W
20.7032,0.663967,0.163972,0.139463,0.14888,21.0537,0.553283,0.0835473,0.185218,0.22945,20.8991,0.589249,0.132766,0.172819,0.206343,20.9312,0.825276,0.266638,0.213713,0.267324,dryer_450W
20.7182,0.743705,0.164001,0.119736,0.262583,20.8381,0.594808,0.352056,0.20754,0.28629,20.9244,0.623109,0.115918,0.153866,0.24755,20.9449,0.562249,0.0907534,0.139414,0.259076,dryer_450W
20.8563,0.521802,0.142426,0.155593,0.256311,20.5486,0.730519,0.175714,0.139231,0.233062,20.7286,0.666236,0.323365,0.222899,0.22966,20.649,0.726299,0.122355,0.132097,0.192954,dryer_450W
21.0051,0.58777,0.141703,0.156292,0.235645,20.9229,0.565885,0.107109,0.119881,0.187334,20.8824,0.859991,0.247635,0.193134,0.286157,21.0592,0.448276,0.185395,0.169828,0.196895,dryer_450W
20.8926,0.64595,0.158713,0.190296,0.242441,21.0029,0.740558,0.108226,0.112155,0.227971,20.8832,0.723291,0.1711,0.143432,0.250258,20.9668,0.761465,0.206522,0.174038,0.175989,dryer_450W
21.3286,0.58235,0.190744,0.171357,0.199643,21.2252,0.521343,0.141346,0.123598,0.201956,21.2967,0.773065,0.285336,0.202814,0.225702,20.9474,0.595308,0.142985,0.283931,0.240122,dryer_450W
21.2682,0.489392,0.111412,0.0970264,0.200401,21.0511,0.742231,0.220235,0.16294,0.132133,21.1768,0.677933,0.263242,0.200625,0.254091,21.2202,0.454604,0.158642,0.185192,0.16868,dryer_450W
21.2182,0.728735,0.208122,0.182664,0.185036,21.2365,0.631334,0.225298,0.218627,0.293535,21.2989,0.455635,0.146786,0.110004,0.190744,21.3034,0.64773,0.192956,0.1967,0.236393,dryer_450W
21.4154,0.507138,0.14235,0.136873,0.188637,21.438,0.626347,0.215438,0.231465,0.247137,21.1585,0.566294,0.216577,0.201494,0.22431,21.408,0.54444,0.0996775,0.159026,0.140129,dryer_450W
21.4023,0.662388,0.231987,0.168263,0.254516,21.497,0.504689,0.110544,0.13836,0.153502,21.4219,0.676315,0.252975,0.170674,0.187748,21.4359,0.769767,0.246557,0.234004,0.183824,dryer_450W
21.6097,0.488207,0.157516,0.14542,0.184414,21.2964,0.639807,0.169574,0.165926,0.170807,21.57,0.62706,0.203977,0.189285,0.147805,21.464,0.486086,0.120898,0.208899,0.202833,dryer_450W
21.5985,0.604489,0.140105,0.203063,0.146026,21.2777,0.601635,0.2361,0.195686,0.193258,21.4719,0.55091,0.139499,0.11778,0.155034,21.5384,0.516979,0.11975,0.165251,0.175227,dryer_450W
0.547382,0.481551,0.481954,0.226613,0.290725,0.58592,0.531391,0.507602,0.254295,0.276604,0.60907,0.462796,0.48884,0.28465,0.335812,0.622048,0.469072,0.409315,0.228631,0.252171,lamp_sunhouse_shsl10ledb_4W
0.571957,0.462377,0.407035,0.242887,0.270407,0.589736,0.366879,0.504752,0.286955,0.253656,0.590406,0.390665,0.426373,0.377001,0.299912,0.62487,0.51497,0.470995,0.277773,0.241029,lamp_sunhouse_shsl10ledb_4W
0.579423,0.476883,0.409134,0.342404,0.24492,0.620401,0.426836,0.37179,0.275488,0.288708,0.624377,0.377943,0.412112,0.267261,0.267134,0.54302,0.416591,0.490713,0.313781,0.266903,lamp_sunhouse_shsl10ledb_4W
0.554113,0.412657,0.404373,0.328558,0.253609,0.571862,0.413448,0.450928,0.32216,0.293676,0.568047,0.358322,0.464027,0.284321,0.255514,0.592987,0.393666,0.474189,0.317255,0.261834,lamp_sunhouse_shsl10ledb_4W
0.594821,0.400674,0.407644,0.370237,0.286304,0.593342,0.394565,0.476336,0.334021,0.273194,0.557812,0.388059,0.508213,0.327014,0.271743,0.678956,0.422662,0.471222,0.39396,0.210835,lamp_sunhouse_shsl10ledb_4W
0.585573,0.366357,0.48157,0.334635,0.166828,0.610515,0.388816,0.398564,0.346353,0.171023,0.591185,0.417849,0.454953,0.29795,0.168325,0.561395,0.3502,0.456568,0.361774,0.26084,lamp_sunhouse_shsl10ledb_4W
0.585039,0.382268,0.429437,0.32529,0.20343,0.576226,0.369643,0.479748,0.42076,0.198249,0.621139,0.451115,0.464303,0.347966,0.184805,0.603486,0.391172,0.537786,0.360905,0.257746,lamp_sunhouse_shsl10ledb_4W
0.584641,0.358396,0.460487,0.375955,0.240245,0.573076,0.3453,0.421036,0.350118,0.213089,0.53937,0.421322,0.473603,0.330568,0.275056,0.566293,0.404818,0.478399,0.327516,0.248389,lamp_sunhouse_shsl10ledb_4W
0.560097,0.402671,0.45287,0.380722,0.263171,0.513519,0.403701,0.446484,0.309544,0.235165,0.578695,0.425217,0.42477,0.339116,0.237284,0.620707,0.357226,0.421047,0.324676,0.268757,lamp_sunhouse_shsl10ledb_4W
0.57604,0.336625,0.464707,0.390002,0.197456,0.630479,0.362123,0.429704,0.394567,0.268129,0.619161,0.34586,0.342402,0.363898,0.25191,0.60563,0.386555,0.43613,0.319545,0.227482,lamp_sunhouse_shsl10ledb_4W
0.556025,0.405426,0.352703,0.334988,0.185646,0.594128,0.396882,0.430928,0.34997,0.294013,0.542505,0.330768,0.438179,0.414557,0.200039,0.616875,0.403785,0.494945,0.41353,0.293163,lamp_sunhouse_shsl10ledb_4W
0.611259,0.337414,0.414546,0.369476,0.237119,0.562638,0.397865,0.444018,0.388143,0.234144,0.581919,0.350835,0.435127,0.318327,0.335187,0.661011,0.488299,0.464259,0.340196,0.299266,lamp_sunhouse_shsl10ledb_4W
0.696871,0.369679,0.415497,0.387433,0.272184,0.591607,0.386012,0.426975,0.408847,0.248196,0.610772,0.360163,0.429189,0.394193,0.291432,0.503835,0.390631,0.44765,0.35649,0.227348,lamp_sunhouse_shsl10ledb_4W
0.545825,0.422642,0.445375,0.386083,0.271623,0.556238,0.335427,0.434114,0.285877,0.274884,0.524338,0.397808,0.385536,0.314752,0.316763,0.549636,0.396677,0.330997,0.424124,0.317863,lamp_sunhouse_shsl10ledb_4W
0.628112,0.426136,0.355565,0.336414,0.293797,0.652412,0.438729,0.290188,0.377188,0.311851,0.611295,0.473213,0.244415,0.348157,0.252633,0.604143,0.461409,0.286231,0.337403,0.317439,lamp_sunhouse_shsl10ledb_4W
0.607522,0.412774,0.316761,0.357959,0.23637,0.576534,0.424171,0.398094,0.388263,0.275004,0.570145,0.538495,0.367517,0.356714,0.291944,0.560397,0.417035,0.397589,0.322827,0.300562,lamp_sunhouse_shsl10ledb_4W
0.585793,0.389135,0.415729,0.375903,0.28616,0.678954,0.364885,0.380301,0.364189,0.28272,0.540635,0.398728,0.421341,0.33674,0.266216,0.60786,0.332056,0.418497,0.331325,0.245599,lamp_sunhouse_shsl10ledb_4W
0.541776,0.365742,0.429722,0.353564,0.232434,0.592997,0.327669,0.462624,0.335563,0.21496,0.612314,0.370824,0.497219,0.377124,0.223916,0.634134,0.418844,0.447278,0.334895,0.274173,lamp_sunhouse_shsl10ledb_4W
0.575187,0.354457,0.465066,0.349401,0.191226,0.643273,0.346188,0.425077,0.395404,0.211425,0.532527,0.430444,0.450821,0.351331,0.145903,0.601067,0.346836,0.40701,0.3991,0.25935,lamp_sunhouse_shsl10ledb_4W
0.571232,0.47172,0.432558,0.275049,0.186041,0.495079,0.328957,0.399432,0.36277,0.19189,0.578963,0.361512,0.391134,0.361407,0.181103,0.590153,0.396554,0.399522,0.306295,0.205113,lamp_sunhouse_shsl10ledb_4W
0.531136,0.318168,0.47478,0.360945,0.228678,0.563471,0.376173,0.458021,0.350473,0.201195,0.601753,0.355493,0.451874,0.368051,0.200933,0.586479,0.379599,0.433036,0.244588,0.221588,lamp_sunhouse_shsl10ledb_4W
0.586646,0.327966,0.430641,0.396074,0.219408,0.602894,0.342836,0.439357,0.317068,0.196154,0.527411,0.360386,0.461231,0.317282,0.253539,0.61769,0.423016,0.436373,0.335093,0.258036,lamp_sunhouse_shsl10ledb_4W
0.516605,0.393169,0.487215,0.332281,0.217608,0.552453,0.380467,0.432959,0.282676,0.224656,0.564047,0.403203,0.511488,0.336835,0.239801,0.635465,0.384918,0.477015,0.282324,0.20965,lamp_sunhouse_shsl10ledb_4W
0.542961,0.364688,0.496665,0.276364,0.281461,0.649248,0.361778,0.529086,0.255725,0.259264,0.595826,0.386268,0.418351,0.311198,0.265748,0.560544,0.413519,0.374285,0.307111,0.24699,lamp_sunhouse_shsl10ledb_4W
0.519013,0.446675,0.531862,0.31651,0.286423,0.552406,0.477175,0.468187,0.244772,0.260497,0.590794,0.449322,0.475566,0.227764,0.323046,0.590253,0.41689,0.482423,0.252672,0.232401,lamp_sunhouse_shsl10ledb_4W
0.609034,0.465203,0.50494,0.327105,0.335796,0.566445,0.402546,0.511448,0.278731,0.306141,0.56968,0.532968,0.479864,0.286007,0.319521,0.557039,0.496338,0.461473,0.323901,0.345738,lamp_sunhouse_shsl10ledb_4W
0.465873,0.519216,0.356348,0.333736,0.277462,0.566244,0.44155,0.458124,0.324775,0.301633,0.654372,0.470558,0.448638,0.309191,0.237136,0.512319,0.44706,0.436927,0.268548,0.242322,lamp_sunhouse_shsl10ledb_4W
0.57442,0.438503,0.427724,0.318109,0.271274,0.605108,0.523256,0.477315,0.302498,0.358505,0.567025,0.50513,0.432923,0.339085,0.3322,0.583282,0.465183,0.518841,0.258281,0.359392,lamp_sunhouse_shsl10ledb_4W
0.541541,0.485256,0.428417,0.276884,0.292212,0.521379,0.441008,0.497181,0.252,0.353947,0.471579,0.517737,0.409953,0.23654,0.263538,0.593242,0.483625,0.409329,0.298524,0.290925,lamp_sunhouse_shsl10ledb_4W
0.629965,0.50958,0.414493,0.238112,0.263571,0.556954,0.576175,0.381102,0.29423,0.290194,0.575353,0.463684,0.390804,0.290305,0.257971,0.502928,0.500009,0.34256,0.248287,0.198308,lamp_sunhouse_shsl10ledb_4W
0.626146,0.394765,0.365064,0.303944,0.274655,0.515366,0.330723,0.359636,0.306398,0.276853,0.558136,0.412366,0.375354,0.334149,0.38547,0.45734,0.386319,0.355438,0.365934,0.235578,lamp_sunhouse_shsl10ledb_4W
0.529401,0.392004,0.393046,0.34383,0.342432,0.643605,0.362586,0.361077,0.340434,0.348374,0.484023,0.391932,0.414009,0.360476,0.301113,0.570113,0.39647,0.391566,0.35248,0.30672,lamp_sunhouse_shsl10ledb_4W
0.573167,0.431311,0.435295,0.312486,0.218274,0.589119,0.400941,0.43055,0.369412,0.215159,0.482062,0.30102,0.397662,0.454832,0.337227,0.543416,0.432051,0.402077,0.364137,0.265637,lamp_sunhouse_shsl10ledb_4W
0.508214,0.398394,0.432189,0.366081,0.232279,0.497534,0.42561,0.399479,0.313881,0.327583,0.557188,0.449859,0.366797,0.381391,0.255665,0.601462,0.402266,0.451839,0.370285,0.320097,lamp_sunhouse_shsl10ledb_4W
0.678886,0.372191,0.349267,0.35913,0.159151,0.563057,0.356814,0.410053,0.350999,0.155964,0.516798,0.3837,0.403418,0.367712,0.204173,0.535859,0.476713,0.40013,0.369698,0.253066,lamp_sunhouse_shsl10ledb_4W
0.577341,0.405818,0.411915,0.343254,0.229462,0.588786,0.396318,0.458131,0.324268,0.186628,0.583129,0.365576,0.482258,0.393155,0.223006,0.553413,0.34753,0.433519,0.305943,0.190666,lamp_sunhouse_shsl10ledb_4W
0.537888,0.303495,0.467938,0.362412,0.1955,0.503358,0.363815,0.342853,0.272624,0.227795,0.605623,0.382989,0.464348,0.301178,0.214492,0.483234,0.405373,0.446823,0.224439,0.161141,lamp_sunhouse_shsl10ledb_4W
0.675997,0.208381,0.121692,0.215462,0.17118,0.722195,0.254778,0.239877,0.22068,0.251153,0.668398,0.292998,0.157536,0.152823,0.262159,0.690759,0.24961,0.204461,0.213619,0.222274,tv_sony
0.63301,0.221442,0.126245,0.156719,0.135145,0.716052,0.205965,0.168072,0.157044,0.219326,0.67796,0.274506,0.121928,0.230455,0.230825,0.696486,0.24797,0.276902,0.248099,0.208093,tv_sony
0.652235,0.213204,0.135567,0.196215,0.251215,0.698393,0.259217,0.172524,0.197012,0.222467,0.698462,0.270829,0.230683,0.215228,0.247452,0.715568,0.1985,0.20656,0.205323,0.205296,tv_sony
0.641787,0.245381,0.19688,0.141338,0.260727,0.750288,0.250092,0.202145,0.237796,0.25007,0.638505,0.210221,0.116878,0.18592,0.237951,0.721901,0.244621,0.237287,0.223005,0.263059,tv_sony
0.640437,0.221096,0.182255,0.209057,0.175479,0.639296,0.22733,0.207043,0.215735,0.26296,0.619691,0.289665,0.167342,0.195936,0.260251,0.686128,0.247461,0.17583,0.294846,0.231832,tv_sony
0.587671,0.238899,0.198253,0.262142,0.228972,0.685417,0.208519,0.216419,0.182857,0.168826,0.65468,0.16189,0.20802,0.236555,0.206621,0.723833,0.237612,0.236094,0.304322,0.233941,tv_sony
0.622637,0.183685,0.18148,0.188361,0.202922,0.672794,0.231489,0.155367,0.194894,0.264862,0.70002,0.24569,0.210687,0.258216,0.169609,0.623795,0.215657,0.23571,0.253007,0.240552,tv_sony
0.752373,0.260895,0.173266,0.191033,0.17047,0.730771,0.240094,0.213982,0.247792,0.258889,0.670708,0.177186,0.204265,0.167947,0.232783,0.647617,0.232495,0.211374,0.257976,0.19594,tv_sony
0.626307,0.196122,0.141407,0.205613,0.158693,0.677516,0.174526,0.172545,0.213327,0.19071,0.709704,0.293288,0.175848,0.261717,0.266933,0.704107,0.225664,0.199899,0.184156,0.256938,tv_sony
0.682345,0.245251,0.199972,0.195159,0.176896,0.686882,0.251937,0.148011,0.167809,0.206618,0.680283,0.227865,0.222461,0.203432,0.175566,0.660644,0.248205,0.328579,0.269341,0.263866,tv_sony
0.667835,0.2178,0.165347,0.188788,0.12574,0.619794,0.292443,0.156105,0.221818,0.183508,0.723856,0.214365,0.219914,0.20054,0.133402,0.682885,0.199873,0.19704,0.202348,0.225779,tv_sony
0.576083,0.224248,0.211177,0.272,0.144771,0.637692,0.17728,0.189105,0.275601,0.161057,0.577946,0.155947,0.240468,0.248363,0.178917,0.597421,0.261171,0.346154,0.176387,0.175877,tv_sony
0.662695,0.211599,0.16494,0.155197,0.215117,0.697582,0.194507,0.247319,0.199479,0.188341,0.608414,0.202395,0.194545,0.178143,0.229612,0.647877,0.260653,0.220497,0.202406,0.212664,tv_sony
0.590945,0.251508,0.162345,0.164356,0.21165,0.652601,0.280109,0.214812,0.181801,0.165965,0.596655,0.273581,0.205147,0.144814,0.251801,0.688422,0.221471,0.237603,0.151035,0.163527,tv_sony
0.597213,0.213121,0.177035,0.208879,0.252882,0.698412,0.251033,0.225782,0.189658,0.213614,0.60727,0.280449,0.287796,0.221575,0.272704,0.699274,0.231077,0.240937,0.180223,0.220162,tv_sony
0.608908,0.242867,0.148584,0.235774,0.172741,0.615382,0.241881,0.255404,0.184674,0.224531,0.589029,0.273052,0.141433,0.231061,0.228118,0.623372,0.26818,0.198117,0.140343,0.194895,tv_sony
0.565174,0.278974,0.202141,0.181093,0.211076,0.702471,0.240619,0.211327,0.170983,0.250702,0.621419,0.298968,0.248654,0.174276,0.26624,0.657298,0.271103,0.28064,0.19235,0.249084,tv_sony
0.692955,0.257985,0.186594,0.237358,0.231631,0.672685,0.247631,0.184212,0.177771,0.23355,0.645322,0.296748,0.194094,0.155442,0.218354,0.71627,0.26439,0.135631,0.187141,0.312805,tv_sony
0.716061,0.162782,0.240215,0.194943,0.241001,0.822031,0.242327,0.170465,0.22347,0.193037,0.725081,0.285607,0.130981,0.188447,0.296376,0.732874,0.175166,0.147277,0.20374,0.223936,tv_sony
0.660665,0.204986,0.232886,0.25113,0.207103,0.697764,0.237052,0.203578,0.22822,0.24166,0.724014,0.249368,0.244153,0.235272,0.261558,0.737247,0.25441,0.195311,0.232005,0.269665,tv_sony
0.735991,0.28261,0.203728,0.275617,0.207388,0.694985,0.281194,0.23719,0.250767,0.234977,0.761572,0.297312,0.184197,0.24006,0.257117,0.66199,0.220219,0.220706,0.233812,0.213983,tv_sony
0.706643,0.262299,0.255079,0.285305,0.240523,0.713043,0.214026,0.249524,0.199635,0.211337,0.708864,0.216812,0.24931,0.208082,0.177441,0.654542,0.252294,0.319322,0.234425,0.218033,tv_sony
0.660414,0.183632,0.170236,0.152546,0.195954,0.654252,0.177433,0.260494,0.237504,0.162602,0.759636,0.253865,0.275394,0.149987,0.220729,0.669719,0.243866,0.258802,0.252271,0.11484,tv_sony
0.685911,0.169641,0.201166,0.182679,0.18434,0.715931,0.17981,0.213267,0.228932,0.21915,0.702202,0.179115,0.323459,0.187856,0.250215,0.690153,0.218365,0.230348,0.225382,0.130387,tv_sony
0.690852,0.215878,0.17815,0.217997,0.192463,0.671824,0.227907,0.234694,0.153275,0.200697,0.642105,0.217993,0.274111,0.263973,0.205921,0.735776,0.250552,0.285448,0.240195,0.149606,tv_sony
0.689394,0.17785,0.197364,0.155222,0.167479,0.637644,0.219451,0.179742,0.165131,0.203142,0.667097,0.209299,0.237335,0.216776,0.214663,0.70846,0.205798,0.278108,0.191264,0.212665,tv_sony
0.617379,0.257369,0.198647,0.198952,0.199584,0.631076,0.214227,0.261601,0.206964,0.205593,0.739883,0.238771,0.222938,0.206854,0.195261,0.692934,0.176543,0.246331,0.172288,0.213615,tv_sony
0.633169,0.204921,0.222103,0.121651,0.205623,0.639719,0.197272,0.274271,0.179324,0.248922,0.70677,0.206874,0.183578,0.196245,0.216251,0.652724,0.196454,0.286346,0.198923,0.177248,tv_sony
0.686452,0.219238,0.188354,0.182754,0.151158,0.686408,0.25408,0.217613,0.231763,0.168771,0.632443,0.247173,0.250376,0.205262,0.232409,0.708844,0.22463,0.2389,0.277599,0.243333,tv_sony
0.682884,0.209348,0.183452,0.198528,0.238486,0.675597,0.232701,0.162801,0.227943,0.272939,0.711454,0.205718,0.115001,0.252255,0.266063,0.712244,0.28433,0.179822,0.217019,0.227125,tv_sony
0.710636,0.315268,0.201534,0.12644,0.178697,0.733232,0.282579,0.161438,0.242078,0.23507,0.652109,0.311848,0.234894,0.190196,0.159916,0.74336,0.233914,0.261304,0.205701,0.243443,tv_sony
0.652372,0.224638,0.179421,0.226922,0.262822,0.657602,0.205337,0.158096,0.248036,0.252549,0.633109,0.241131,0.2051,0.249155,0.280566,0.729408,0.207686,0.189539,0.233447,0.21396,tv_sony
15.2684,0.397803,0.104579,0.140422,0.246601,15.2741,0.451585,0.15897,0.103354,0.23855,15.049,0.416145,0.180532,0.116095,0.1861,15.0082,0.350644,0.142107,0.145769,0.261524,fan_samikura_sm500c_180W
13.3557,0.313014,0.157041,0.217799,0.151139,13.3755,0.331791,0.104147,0.297098,0.215447,13.3554,0.356382,0.125847,0.319384,0.188124,13.3425,0.461532,0.133994,0.350297,0.198976,fan_samikura_sm500c_180W
14.4593,0.336403,0.158219,0.118482,0.264933,14.3668,0.438531,0.13861,0.145811,0.244006,14.1848,0.385255,0.138131,0.158595,0.348358,13.9459,0.429128,0.113605,0.182662,0.326697,fan_samikura_sm500c_180W
13.8106,0.351557,0.142075,0.142928,0.339878,13.7716,0.570436,0.183368,0.196692,0.32764,13.5279,0.381782,0.219451,0.126986,0.334542,13.519,0.503006,0.189128,0.183443,0.30222,fan_samikura_sm500c_180W
13.9089,0.557593,0.141006,0.154839,0.349524,13.7159,0.409299,0.206594,0.106614,0.369651,13.5499,0.517236,0.167142,0.15603,0.390075,13.3737,0.436119,0.149104,0.156281,0.366781,fan_samikura_sm500c_180W
13.7697,0.573785,0.192872,0.129457,0.336083,13.3988,0.379025,0.178396,0.201911,0.350684,13.503,0.587709,0.167472,0.173863,0.406482,13.0725,0.495314,0.102538,0.150651,0.283179,fan_samikura_sm500c_180W
13.4635,0.598699,0.170743,0.132581,0.345497,13.2994,0.566893,0.14996,0.143358,0.318474,12.9967,0.452246,0.115855,0.209833,0.34155,12.9814,0.530928,0.134642,0.228203,0.238683,fan_samikura_sm500c_180W
13.575,0.589888,0.174927,0.0982374,0.344383,13.2786,0.502352,0.140379,0.110336,0.310567,13.201,0.396811,0.173934,0.138859,0.374687,13.1198,0.598292,0.233975,0.234157,0.292308,fan_samikura_sm500c_180W
13.5155,0.446451,0.0856216,0.128894,0.364701,13.5143,0.634599,0.162032,0.128422,0.333737,13.2695,0.475457,0.133172,0.167596,0.357009,13.2213,0.401692,0.186425,0.223178,0.317236,fan_samikura_sm500c_180W
13.4595,0.460248,0.119389,0.148835,0.350627,13.4382,0.378773,0.113837,0.184752,0.400864,13.2764,0.467411,0.104045,0.154531,0.273133,13.0978,0.388539,0.173278,0.252587,0.40724,fan_samikura_sm500c_180W
13.5982,0.422299,0.133579,0.159751,0.235536,13.4917,0.35283,0.129875,0.220855,0.293359,13.3186,0.482664,0.124117,0.167074,0.321962,13.217,0.367681,0.150512,0.181465,0.309149,fan_samikura_sm500c_180W
13.8454,0.57145,0.106947,0.14244,0.354855,13.7798,0.426012,0.172979,0.208986,0.356808,13.6196,0.330486,0.123259,0.184248,0.312726,13.524,0.370524,0.16752,0.218781,0.239973,fan_samikura_sm500c_180W
13.8224,0.372087,0.125623,0.107729,0.289776,13.6975,0.402889,0.155376,0.158389,0.261543,13.4663,0.351167,0.158864,0.17014,0.309729,13.4058,0.500333,0.171857,0.254151,0.2093,fan_samikura_sm500c_180W
14.0169,0.381109,0.144769,0.0971836,0.275675,13.9281,0.412501,0.0940026,0.149088,0.232998,13.6617,0.419657,0.139237,0.19198,0.209371,13.5576,0.335992,0.0912913,0.204229,0.222659,fan_samikura_sm500c_180W
13.5397,0.395903,0.198253,0.220801,0.255264,13.4743,0.386491,0.114876,0.285271,0.195918,13.3696,0.342051,0.162616,0.291529,0.180319,13.1914,0.380566,0.165182,0.179217,0.240501,fan_samikura_sm500c_180W
13.9781,0.45213,0.176272,0.155848,0.348303,13.7289,0.353809,0.102269,0.168709,0.306936,13.5558,0.399869,0.126608,0.221844,0.203891,13.352,0.357357,0.184589,0.234848,0.227449,fan_samikura_sm500c_180W
13.7292,0.399683,0.156314,0.130667,0.320758,13.7854,0.490736,0.131643,0.129003,0.339142,13.4796,0.386072,0.14052,0.176684,0.258587,13.3899,0.47988,0.104697,0.175749,0.25964,fan_samikura_sm500c_180W
13.911,0.325537,0.111287,0.1651,0.283958,13.8877,0.493067,0.121524,0.162592,0.254114,13.7286,0.347089,0.0913166,0.200716,0.283256,13.4439,0.436301,0.202031,0.205886,0.225247,fan_samikura_sm500c_180W
13.0893,0.4913,0.195523,0.288018,0.196312,12.9748,0.312798,0.115851,0.365384,0.124696,12.9336,0.342257,0.142237,0.311916,0.118068,13.0541,0.396281,0.189912,0.280859,0.183062,fan_samikura_sm500c_180W
13.7757,0.399173,0.135674,0.179472,0.18609,13.6894,0.352595,0.169538,0.199148,0.267475,13.3955,0.315578,0.211376,0.282634,0.2026,13.3557,0.355527,0.134183,0.323422,0.253129,fan_samikura_sm500c_180W
3.18404,0.901763,0.878632,0.0933753,0.132888,3.12189,0.971709,0.910238,0.080031,0.0815873,3.14473,0.884423,0.837305,0.161781,0.161487,3.13072,0.929282,0.936979,0.111779,0.133664,maylocnuoc_kangaroo
3.17579,0.90623,0.922503,0.126071,0.157071,3.08495,0.874811,0.937333,0.108228,0.132169,3.0468,0.939669,0.855003,0.105931,0.111247,3.12681,0.898555,0.87118,0.129562,0.117704,maylocnuoc_kangaroo
3.11643,0.889412,0.867815,0.117947,0.127018,3.1351,0.889838,0.935333,0.130823,0.106532,3.14811,0.877648,0.814812,0.102546,0.110469,3.09035,0.891411,0.894695,0.187082,0.0992415,maylocnuoc_kangaroo
3.14825,0.865232,0.873612,0.104467,0.130003,3.12525,0.942123,0.830952,0.127573,0.133141,3.11138,0.85406,0.927219,0.106281,0.0863684,3.12413,0.94654,0.806575,0.0994704,0.124923,maylocnuoc_kangaroo
3.16447,0.898467,0.879125,0.154384,0.133344,3.14208,0.87109,0.97288,0.111868,0.089875,3.03413,0.872589,0.908451,0.0951234,0.128354,3.14023,0.949942,0.891529,0.113332,0.133244,maylocnuoc_kangaroo
3.04284,0.905727,0.913815,0.114095,0.0781668,3.13775,0.980377,0.893124,0.124348,0.0762982,3.16906,0.923804,0.796837,0.127487,0.0816192,3.24981,0.802278,0.870829,0.100996,0.139233,maylocnuoc_kangaroo
3.15279,0.896965,0.825104,0.135285,0.116934,3.1612,0.881061,0.878191,0.119444,0.131614,3.14927,0.931311,0.862112,0.0981349,0.0747123,3.09026,0.815247,0.926543,0.140345,0.0957445,maylocnuoc_kangaroo
3.23418,0.86464,0.854553,0.13303,0.1152,3.13407,0.896849,0.841064,0.0961443,0.140354,3.15789,0.83266,0.901552,0.124995,0.113105,3.25977,0.904064,0.838285,0.0978499,0.134855,maylocnuoc_kangaroo
3.12513,0.859436,0.875198,0.106401,0.0940714,3.18851,0.857873,0.827152,0.122116,0.0760467,3.19934,0.800065,0.895303,0.117053,0.0900278,3.21933,0.774581,0.868143,0.0943986,0.0977683,maylocnuoc_kangaroo
3.05291,0.75839,0.821638,0.104146,0.102946,2.9748,0.787937,0.806137,0.158561,0.181585,2.97186,0.776615,0.728985,0.12023,0.130858,2.92127,0.753572,0.746329,0.0790873,0.134091,maylocnuoc_kangaroo
2.99711,0.828212,0.75912,0.0756391,0.0899148,3.02011,0.836888,0.78909,0.162839,0.0986983,2.96515,0.731952,0.715586,0.120941,0.100916,3.03469,0.762927,0.801638,0.0885087,0.106313,maylocnuoc_kangaroo
2.88405,0.832632,0.798469,0.10074,0.0911,2.92265,0.807467,0.790194,0.132698,0.078648,2.94904,0.804031,0.759471,0.11355,0.0934862,2.90115,0.779743,0.749655,0.0946843,0.0964046,maylocnuoc_kangaroo
2.9493,0.792153,0.796622,0.103429,0.128579,2.92746,0.78607,0.807802,0.108734,0.0887563,2.82319,0.797902,0.742702,0.102916,0.101367,2.83495,0.826349,0.775894,0.111183,0.104336,maylocnuoc_kangaroo
2.97278,0.864927,0.750632,0.141015,0.185152,2.93875,0.791026,0.746538,0.0963462,0.112239,3.00224,0.836062,0.776071,0.112652,0.0805497,3.00313,0.782758,0.814633,0.115984,0.152397,maylocnuoc_kangaroo
3.08538,0.862295,0.732717,0.127935,0.0953728,3.00505,0.902809,0.773056,0.116395,0.0957364,3.06752,0.880421,0.759044,0.0952102,0.121208,3.02771,0.879562,0.694109,0.137677,0.103704,maylocnuoc_kangaroo
3.10419,0.888075,0.747083,0.111926,0.0952856,3.02214,0.909821,0.784475,0.127839,0.0990855,3.10417,0.903168,0.740529,0.109694,0.168424,3.076,0.87964,0.686344,0.105325,0.12412,maylocnuoc_kangaroo
3.03512,0.864797,0.792992,0.148252,0.122547,3.03632,0.835239,0.696689,0.116374,0.114348,3.02532,0.871166,0.759335,0.145581,0.131164,3.1484,0.942257,0.746676,0.106978,0.118048,maylocnuoc_kangaroo
3.02947,0.867498,0.672942,0.0968021,0.0989555,3.04595,0.860225,0.747361,0.100593,0.114151,3.05428,0.875685,0.785169,0.186713,0.0829202,3.03022,0.885936,0.775352,0.117611,0.113973,maylocnuoc_kangaroo
3.11359,0.874567,0.785244,0.100191,0.0877806,3.08851,0.904783,0.663339,0.147762,0.142724,3.03282,0.888557,0.737053,0.0978178,0.0886823,3.00693,0.850682,0.717227,0.0799477,0.129065,maylocnuoc_kangaroo
0.434281,0.390513,0.275343,0.256334,0.166444,0.910788,0.816249,0.505506,0.353466,0.24607,1.00111,0.798934,0.503884,0.377795,0.255394,1.06678,0.925482,0.464237,0.517613,0.31552,samsung_qc2
0.659952,0.451545,0.430534,0.340561,0.31002,0.990912,0.681994,0.532499,0.486516,0.289668,0.963241,0.706325,0.626493,0.52007,0.25236,1.00267,0.72635,0.563871,0.472029,0.231288,samsung_qc2
0.547293,0.418292,0.272264,0.368335,0.197844,1.06577,0.772221,0.570595,0.494969,0.298867,0.974203,0.796868,0.5631,0.415468,0.206454,1.07713,0.72375,0.609345,0.477669,0.302475,samsung_qc2
0.825921,0.650305,0.476251,0.376009,0.298896,1.0173,0.747517,0.551315,0.622815,0.34103,0.987635,0.734076,0.600469,0.40721,0.259001,0.991239,0.71797,0.577859,0.448992,0.343477,samsung_qc2
0.613873,0.582187,0.517114,0.401451,0.220143,1.08699,0.71284,0.577758,0.594849,0.300838,1.05216,0.662309,0.602886,0.438019,0.248299,0.942825,0.640977,0.621389,0.519886,0.251757,samsung_qc2
0.703681,0.573552,0.497534,0.450867,0.297833,1.02749,0.801513,0.63926,0.566263,0.294683,1.04552,0.802542,0.616592,0.5326,0.318166,1.01145,0.767096,0.609561,0.525402,0.314141,samsung_qc2
0.524596,0.428908,0.262193,0.316564,0.240066,0.915015,0.743253,0.614484,0.528166,0.292358,1.04821,0.683782,0.603521,0.533479,0.254999,1.00691,0.71065,0.65808,0.543375,0.32526,samsung_qc2
0.498297,0.436175,0.32371,0.275769,0.20105,0.971472,0.695808,0.544105,0.45079,0.303726,0.971362,0.814383,0.582982,0.530292,0.224514,0.914291,0.668324,0.54008,0.499826,0.32249,samsung_qc2
0.499651,0.377384,0.288175,0.221466,0.221802,1.02332,0.675784,0.632549,0.46022,0.248712,0.977797,0.680634,0.60507,0.467102,0.249197,0.959634,0.722323,0.583031,0.592376,0.293468,samsung_qc2
0.384129,0.358377,0.272206,0.302437,0.243186,0.934548,0.671975,0.521755,0.438672,0.327958,1.10253,0.693749,0.682803,0.548233,0.34019,1.02693,0.723193,0.571536,0.526682,0.322021,samsung_qc2
0.474178,0.36006,0.284811,0.296016,0.203841,0.971136,0.635153,0.644665,0.530501,0.2719,0.977357,0.655726,0.705293,0.471129,0.28716,1.02198,0.677151,0.710617,0.574085,0.250286,samsung_qc2
0.349966,0.413463,0.295431,0.310655,0.206903,0.992178,0.588453,0.62033,0.553066,0.260085,1.04588,0.713173,0.672958,0.477462,0.265154,1.03506,0.625464,0.657197,0.507722,0.251811,samsung_qc2
0.477873,0.31892,0.31401,0.236271,0.17671,0.889803,0.684875,0.632632,0.526207,0.233463,1.04749,0.557632,0.682953,0.494176,0.271751,0.977103,0.609133,0.685566,0.592956,0.251308,samsung_qc2
0.458152,0.304716,0.357348,0.291229,0.185162,0.975782,0.558606,0.679155,0.505882,0.287065,1.01952,0.668289,0.758674,0.504957,0.273931,0.972262,0.605178,0.737975,0.501411,0.231305,samsung_qc2
0.578794,0.394453,0.434504,0.402171,0.223813,0.963068,0.581479,0.672373,0.530845,0.212786,1.01024,0.580547,0.730857,0.51563,0.257478,0.921715,0.655596,0.780306,0.483706,0.178384,samsung_qc2
0.370189,0.291573,0.279587,0.313263,0.226971,0.769756,0.736696,0.603008,0.448033,0.216107,0.923043,0.868792,0.6255,0.467189,0.325042,0.907834,0.80997,0.667032,0.475394,0.238923,samsung_qc2
0.579946,0.542116,0.452832,0.326072,0.23575,0.904526,0.819681,0.603094,0.481571,0.34263,0.911984,0.884599,0.609448,0.451042,0.199137,0.832088,0.828518,0.647212,0.561094,0.317468,samsung_qc2
0.61395,0.55982,0.476108,0.356919,0.302171,0.801569,0.913696,0.571387,0.521567,0.207107,0.880453,0.951994,0.583624,0.56584,0.233491,0.918148,0.775981,0.515483,0.551913,0.31295,samsung_qc2
0.531237,0.445931,0.379153,0.345577,0.259608,0.853872,0.85355,0.55093,0.489517,0.323391,0.910129,0.816201,0.551093,0.495732,0.229946,0.918229,0.880739,0.60056,0.500564,0.258547,samsung_qc2
0.498083,0.448074,0.363722,0.286723,0.241871,0.81103,0.78356,0.58918,0.470899,0.239543,0.850426,0.895069,0.694323,0.568612,0.174598,0.911181,0.924147,0.643643,0.556535,0.176342,samsung_qc2
0.400847,0.352801,0.33431,0.247537,0.249362,0.883503,0.791346,0.601661,0.427838,0.211316,0.954154,0.858908,0.640681,0.537197,0.24177,0.921781,0.838575,0.753143,0.481542,0.333192,samsung_qc2
0.52561,0.39624,0.441485,0.233583,0.189417,0.891654,0.77776,0.71597,0.494394,0.374853,0.903837,0.756115,0.622471,0.509288,0.250989,0.937358,0.853943,0.644587,0.465424,0.291563,samsung_qc2
0.542728,0.401982,0.386018,0.256207,0.191457,0.838658,0.729079,0.636954,0.354513,0.298743,0.944609,0.804346,0.622988,0.461224,0.319687,0.903723,0.775443,0.661852,0.462447,0.265434,samsung_qc2
0.55773,0.500451,0.436571,0.292927,0.198315,0.81861,0.760707,0.595089,0.393149,0.28235,0.920678,0.900223,0.639375,0.497496,0.294203,0.89415,0.841629,0.751662,0.519704,0.328028,samsung_qc2
0.660383,0.547399,0.520792,0.351725,0.312454,0.952016,0.882092,0.666956,0.529188,0.270409,0.953787,0.875362,0.706126,0.487067,0.293895,0.91097,0.889015,0.697673,0.563144,0.231325,samsung_qc2

